cancion,artista,tipo,lanzamiento,fecha-lanzamiento,id
Voy pa' lla,Tony Berroa,Album,El solterito del este y los reyes del este,1992,75649eb7-e9a2-4195-af86-e42971b940b0
Pegao como el coqui,Tony Berroa,Album,El solterito del este y los reyes del este,1992,f444d3a6-276a-418b-9aa8-ddde9d787a3d
La mujer que yo mas quiero,Tony Berroa,Album,El solterito del este y los reyes del este,1992,85fd473e-3f2f-456b-a883-a7106782fd1f
Mi muñequita,Tony Berroa,Album,El solterito del este y los reyes del este,1992,790bdeb8-d26c-4286-84a1-178874661349
Yo se de donde vengo,Tony Berroa,Album,El solterito del este y los reyes del este,1992,5b3a6d4b-c646-423e-a780-cac74f56b830
Amargado por ella,Tony Berroa,Album,El solterito del este y los reyes del este,1992,75df8f5b-3c5f-4936-a2a0-463eaf21c917
Donde esta mi hembra,Tony Berroa,Album,El solterito del este y los reyes del este,1992,5316284c-c317-4bdd-9748-f0793f767458
Mira como sufro,Tony Berroa,Album,El solterito del este y los reyes del este,1992,bf4b6894-9b74-46cc-8b65-6c81e9b04012
Camino sin final,Tony Berroa,Album,El solterito del este y los reyes del este,1992,a1cddf97-9ebe-42ce-a579-c62b4cfb1d6e
Lastima de tanto amor,Tony Berroa,Album,El solterito del este y los reyes del este,1992,619f0a59-c442-4f7a-8bdf-4406d849ef9d
El que no baila bachata ta' quedao,Tony Berroa,Album,El solterito del este y los reyes del este,1992,852af60a-5aee-43f5-bd5e-aa4f8ca0c90f
Mujer asesina,Tony Berroa,Album,El solterito del este y los reyes del este,1992,f3427d55-cf7b-4890-b195-33086f647236
Pa' lla voy,Tony Santos,Album,El chiqui chiqui,1992,8659fa48-f7a9-4a1d-8bc2-1487a7133616
Ven morena,Tony Santos,Album,El chiqui chiqui,1992,11bb084c-c0f8-480d-9c01-8ae004672979
Dime si te cabe,Tony Santos,Album,El chiqui chiqui,1992,ece3b61c-f44b-466d-8924-324cad66cba7
La mama de la muchacha,Tony Santos,Album,El chiqui chiqui,1992,20f40cac-3c78-4465-8e2c-ee8939de154f
No hay mas madera,Tony Santos,Album,El chiqui chiqui,1992,c5360973-114f-440c-854d-e54653706974
El chiqui chiqui,Tony Santos,Album,El chiqui chiqui,1992,09ca7616-363a-4d67-996e-038b26eba338
Todo el mundo me ha contado,Tony Santos,Album,El chiqui chiqui,1992,8de9acb0-dec4-425f-ae7b-057cd3594efb
Cepillo y cepillo,Tony Santos,Album,El chiqui chiqui,1992,3025952e-54a1-48e7-90d5-1c1605743b3b
Buscando mi mujer,Tony Santos,Album,El chiqui chiqui,1992,82bf132f-f746-4370-8c3f-f41abfa2842a
Pegaito como anoche,Tony Santos,Album,El chiqui chiqui,1992,9038cf77-a95b-498c-bf52-3872c27c28b1
Medicina de amor,Raulín Rodríguez,Album,Medicina de amor,1994,68c0a54f-c3cf-4d4a-a65c-9b358e3adf84
Amor de lejos,Raulín Rodríguez,Album,Medicina de amor,1994,5b1ad64b-278b-4a52-95e0-40dd978ee86f
Homenaje a mamá,Raulín Rodríguez,Album,Medicina de amor,1994,3249aaa9-952d-4002-9146-24477f64d6bd
María Luisa,Raulín Rodríguez,Album,Medicina de amor,1994,ee96cf1e-b5a7-4a16-a015-f5b20c24016f
Niña bonita,Raulín Rodríguez,Album,Medicina de amor,1994,1312756c-e14c-46d3-8a1e-c4ee96fc08f2
Mujer infiel,Raulín Rodríguez,Album,Medicina de amor,1994,b0d0830d-5070-4fdf-a10a-e067d12a5a81
Que vuelva,Raulín Rodríguez,Album,Medicina de amor,1994,2eedfe84-22a7-462b-8c40-d8f4fa0697ec
La morena,Raulín Rodríguez,Album,Medicina de amor,1994,5f89c203-75f6-4add-a4a3-9a4f87ce4046
La cura de Rosa,Raulín Rodríguez,Album,Medicina de amor,1994,de5680ee-3682-4d8a-ba96-908551e749c0
El tiguerón,Raulín Rodríguez,Album,Medicina de amor,1994,c96b5bfc-abe8-4bd0-8c5f-cccfd24df1e6
Paz en la cama,Robin Cariño,Album,Ñoñeria de amor,1995,1745ca93-0384-40ae-a8cb-bd28b5bb35cf
Al vacio por ella,Robin Cariño,Album,Ñoñeria de amor,1995,02001503-1a0b-496a-8e5b-3834017ab635
Dejame solo,Robin Cariño,Album,Ñoñeria de amor,1995,73339d56-b216-46ca-9dba-4bff88d3ebb5
Me equivoque contigo,Robin Cariño,Album,Ñoñeria de amor,1995,11178cd9-58fe-4526-9961-4bcee6982b9b
Brisa fria,Robin Cariño,Album,Ñoñeria de amor,1995,736b3d7b-89fd-458b-b88d-9f85a6f5d8cf
Golpes y besos,Robin Cariño,Album,Ñoñeria de amor,1995,2e73f6b0-a485-4476-93ea-1c77fdfe2a42
Tu seras mia,Robin Cariño,Album,Ñoñeria de amor,1995,09773e36-faff-4fa9-8994-e74b4e0a571f
Amor vampiro,Robin Cariño,Album,Ñoñeria de amor,1995,8e099b2f-0d64-449c-b49b-cb11e27a4603
Ñoñeria de amor,Robin Cariño,Album,Ñoñeria de amor,1995,91bc5a73-1347-4615-a993-1f2ec11abe7d
Millonario sin dinero,Robin Cariño,Album,Ñoñeria de amor,1995,06d75a51-c12b-49af-b6e4-7448590e31f0
Lo que siento por mi hembra,Maximo Mercedes,Album,La estrella del este,1995,9d6991d4-274b-4824-98f4-55a9b17e444c
María,Maximo Mercedes,Album,La estrella del este,1995,d84ef8dd-5ebf-4208-a918-d74ebeefb213
Solamente mía,Maximo Mercedes,Album,La estrella del este,1995,c1dd087e-ce85-420e-ad15-25b419a0badc
Donde estará,Maximo Mercedes,Album,La estrella del este,1995,d2049186-d12d-45b4-8b03-aa553dc69b34
Ven morena,Maximo Mercedes,Album,La estrella del este,1995,7133ff9e-6393-4432-9a9c-974c78c5df03
Isabel,Maximo Mercedes,Album,La estrella del este,1995,2569206a-1736-4ff2-ab6a-575a755a7589
Amor prohibido,Maximo Mercedes,Album,La estrella del este,1995,1120617a-7225-4ac2-9af4-65abc702989c
Vine a buscarte,Maximo Mercedes,Album,La estrella del este,1995,5642d9db-4382-454f-9aa5-81ff5892c1d9
Amor especial,Maximo Mercedes,Album,La estrella del este,1995,b5490f5b-a640-4284-8fdb-ba40bdb4a4c0
El ritmo guey,Maximo Mercedes,Album,La estrella del este,1995,39132f15-2606-4d43-8137-03882778e03a
Bella como una flor,Frank Reyes,Album,El Príncipe,1996,a2c6c8b2-c5e5-4b59-a03d-88cfaab11d74
Dos mujeres y un corazón,Frank Reyes,Album,El Príncipe,1996,db3c4115-5dae-441e-81e4-d838e3c8e376
Basta ya,Frank Reyes,Album,El Príncipe,1996,c253f06f-51b3-4c76-81c5-d5db68023136
Gracias mi dios,Frank Reyes,Album,El Príncipe,1996,bd613f04-a9ba-410b-bd7a-86e7234e9a09
Se fue mi enamorada,Frank Reyes,Album,El Príncipe,1996,82c6da2d-ec0b-4119-a212-0b3579937be9
Te felicito,Frank Reyes,Album,El Príncipe,1996,8b6adce7-26e3-4dc0-bdce-2285d62d9786
No era cierto,Frank Reyes,Album,El Príncipe,1996,5c6e007a-0020-4de9-b24c-994322cf43d5
Una hembra como ella,Frank Reyes,Album,El Príncipe,1996,92e92abe-69d0-45eb-87af-d7492272bbc5
Cerquita del baño,Frank Reyes,Album,El Príncipe,1996,38e96395-fad5-4f69-90f5-f67292caf73d
Cuando seas mia,Frank Reyes,Album,El Príncipe,1996,d3472755-3e06-4e89-a871-6b61f7a7b91f
Vuelvo a encontrarte,Frank Reyes,Album,El Príncipe,1996,fc39e4f8-e0aa-4237-85d0-89bf82d45277
Asesina,Juan Bautista,Album,Asesina!,1997,4d6d4f2e-e678-4ee3-b1b9-32c1f724cc68
No soy feliz,Juan Bautista,Album,Asesina!,1997,36ad705c-dea9-45c9-878b-97d1fe899ce1
Lucero,Juan Bautista,Album,Asesina!,1997,5a8f623c-4b7c-406a-9f65-45a31e69c915
Rochy,Juan Bautista,Album,Asesina!,1997,abc04b1d-52cf-4022-96a4-f2cf2230263f
La casita de mama,Juan Bautista,Album,Asesina!,1997,7b8e84dc-cf9b-4c3a-a57c-ef8b86a20d82
La tristeza,Juan Bautista,Album,Asesina!,1997,1828ae7d-a8bb-4d9e-a400-f0ea2cf77c33
Traicion de un amigo,Juan Bautista,Album,Asesina!,1997,4773207a-c59e-46d0-b066-1532e99e5ea0
Hijo sin padre,Juan Bautista,Album,Asesina!,1997,e5c40a67-ae96-470a-bbaa-57105079cfe3
La ruta desaparecida,Juan Bautista,Album,Asesina!,1997,6df4e6c5-54e4-43df-b101-32bfb8de6cd5
La puerta rompere,Juan Bautista,Album,Asesina!,1997,f02f8c08-1525-4fc5-a7df-486179535f63
Perdido,Juan Bautista,Album,Asesina!,1997,bc7c671f-2f37-4f57-ba56-bf5634d7a4f0
"Tu, él y yo",Yoskar Sarante,Album,Si fuera ella,1998,00f92ceb-75cc-4f68-ad77-a4994d2c4d6d
Si fuera ella,Yoskar Sarante,Album,Si fuera ella,1998,9b47fe7b-5c3f-4724-a0a0-7e9d5cc0b623
No puedo vivir sin ella,Yoskar Sarante,Album,Si fuera ella,1998,1c1a6a1d-9118-4c2c-a16c-d59694252ebd
Ya me liberé,Yoskar Sarante,Album,Si fuera ella,1998,c60fce9a-5557-4465-bb14-e0f110e48981
Persona ideal,Yoskar Sarante,Album,Si fuera ella,1998,cee7415d-85f0-4f15-b11b-cce690293a82
Ven para que baile,Yoskar Sarante,Album,Si fuera ella,1998,5e3adf6d-dcdd-4559-a264-395647cb8d56
Soy tu fiel enamorado,Yoskar Sarante,Album,Si fuera ella,1998,5fa6d886-fa9c-49dd-9fdc-cba2dc4b12d5
Con tu amor,Yoskar Sarante,Album,Si fuera ella,1998,ff4e4869-f2c4-428b-b238-ce7f71a78c25
El amor,Yoskar Sarante,Album,Si fuera ella,1998,58e6fec0-8bfa-4946-bc56-bf94f3cb99b8
Me duele,Yoskar Sarante,Album,Si fuera ella,1998,d6317270-8478-47c4-b28e-3825153f8bdc
No te olvido,Yoskar Sarante,Album,Si fuera ella,1998,5b5ca77f-3302-474e-a31b-e6ef8c215116
El vecinito,Yoskar Sarante,Album,Si fuera ella,1998,55e22e92-9d8a-4626-8986-1d222d6b0a43
Busca un confidente,Alex Bueno,Album,Bachata a su tiempo,1998,520b2fee-1335-41d2-b889-6d0874335bda
Ese hombre soy yo,Alex Bueno,Album,Bachata a su tiempo,1998,a15b834c-8c64-41e1-a789-dcfb2877a3d3
Tengo pero me faltas tú,Alex Bueno,Album,Bachata a su tiempo,1998,85aa28be-c906-4006-b2cb-749aa79e6c71
Perdóname,Alex Bueno,Album,Bachata a su tiempo,1998,d0998d64-7db4-4acc-a102-6c0b178de6ac
De madrugada,Alex Bueno,Album,Bachata a su tiempo,1998,f0fbeb30-283a-4582-829b-8434c50ade22
Si vinieras hoy,Alex Bueno,Album,Bachata a su tiempo,1998,3b01e4e0-27b7-4f69-9e27-00f14e7ff312
Paso a paso,Alex Bueno,Album,Bachata a su tiempo,1998,970e870f-8054-49ac-af5a-6dcd26af8ffa
Gotas de pena,Alex Bueno,Album,Bachata a su tiempo,1998,5cb90f79-80bc-4de4-8e3b-6a6d07d1db68
Un poco de ti,Alex Bueno,Album,Bachata a su tiempo,1998,90e6e670-b055-4f27-87bb-13f1d773af69
Me duele,Alex Bueno,Album,Bachata a su tiempo,1998,17230858-e1aa-4a35-95d3-e5a6e34128fc
Lo que yo siento por ti,Alex Bueno,Album,Bachata a su tiempo,1998,07e276a1-090e-4841-bbe7-03e5b872a04d
Cambia de vida,Joe Veras,Album,Acéptame como soy,1998,4b1be6d6-e501-4a41-b190-5b38fe112586
Me esta faltando tu amor,Joe Veras,Album,Acéptame como soy,1998,67663e22-c8f0-45bf-b829-dfa126fa6a48
Mi tierra,Joe Veras,Album,Acéptame como soy,1998,201fe760-b2cc-4592-b3e0-651086d8371e
Porque será,Joe Veras,Album,Acéptame como soy,1998,fd5e412d-c61c-4173-981a-c2f0a4d0f84c
Siempre dicen,Joe Veras,Album,Acéptame como soy,1998,4d0375f8-b47e-4aee-a0b3-1ff5968cb79b
Acéptame como soy,Joe Veras,Album,Acéptame como soy,1998,f82a445b-7157-4d72-9ecf-4415f710dfe3
El manique,Joe Veras,Album,Acéptame como soy,1998,181a706d-8952-4769-a54d-db1d8d61f946
Quiéreme,Joe Veras,Album,Acéptame como soy,1998,7cc024bc-c868-4a86-b034-f02965a9b457
Mi merengue,Joe Veras,Album,Acéptame como soy,1998,80de91a0-a52a-4ec7-9f7b-ef264bcca723
Dime que sí,Joe Veras,Album,Acéptame como soy,1998,75a5006e-6deb-4f95-a72d-03cdb02ae620
Desde que me dejaste,Joe Veras,Album,Reencuentro,1998,161bc81f-c993-49d9-b095-b17b18fa5a3d
Por tus celos,Joe Veras,Album,Reencuentro,1998,6e326061-59f9-487c-9f0e-3f9896f7b291
Fallaste,Joe Veras,Album,Reencuentro,1998,aec01123-7dd6-49b5-a18f-b3ebe12a66cf
El colibrí,Joe Veras,Album,Reencuentro,1998,c6a70ac5-a545-43b1-8c19-620a67ff8d94
No tengo la culpa,Joe Veras,Album,Reencuentro,1998,ac5b2fe5-5655-4098-ad7e-4d899eeb19f2
Elena,Joe Veras,Album,Reencuentro,1998,23fc6544-d76d-4863-930a-16ec76407ebb
Tu belleza... habla mi corazón,Joe Veras,Album,Reencuentro,1998,654c01b7-67b0-4d5f-97b3-09a6daa27271
Dime corazón,Joe Veras,Album,Reencuentro,1998,338f31c1-c41e-4c31-831e-ead2781b3496
La gota gorda,Joe Veras,Album,Reencuentro,1998,b60b1881-1c4f-4687-9783-a984ddc04bc9
Te puedo querer,Joe Veras,Album,Reencuentro,1998,cd28e232-3894-4dfd-9296-761cd2331dc0
Amor a primera vista,Maximo Mercedes,Album,La fiera indomable,1999,88d44d97-982d-40d9-9416-dc6d4a8666f5
Fiera indomable,Maximo Mercedes,Album,La fiera indomable,1999,ac3ea249-8ca2-4972-bec9-5a80ca64af35
La historia,Maximo Mercedes,Album,La fiera indomable,1999,28fe069e-2031-45ed-90a6-c1d959a4f54d
Nacerá el amor,Maximo Mercedes,Album,La fiera indomable,1999,e86bbe66-629a-40da-9819-b9e393cd2693
Peregrina adorada,Maximo Mercedes,Album,La fiera indomable,1999,bfcd52ab-c5f0-4c80-897d-5bc52ca7a5ba
Tú la pagarás,Maximo Mercedes,Album,La fiera indomable,1999,73ed5625-ae8c-49fd-ab22-7466b5341d94
Solo por ella,Maximo Mercedes,Album,La fiera indomable,1999,bc8f445c-6eba-4c2a-8753-2db6283d4c20
Me la voy a llevar,Maximo Mercedes,Album,La fiera indomable,1999,7acc58fc-376f-48c3-8749-39a2e34bb4b2
Llévame contigo,Maximo Mercedes,Album,La fiera indomable,1999,c6198eca-7fe6-4977-a675-0dad4bc77e66
Cuanto te extraño,Maximo Mercedes,Album,La fiera indomable,1999,a2fd9bbd-bf96-4a07-bb41-beda13453ade
Directo al corazón,Elvis Martínez,Album,Directo al corazón,2000,dd1fbb93-a9d3-4bd4-a2bb-82f5a8e00670
Tú sabes bien,Elvis Martínez,Album,Directo al corazón,2000,f31a8231-f9e2-46b7-8dd8-0aa213246eb3
Fabula de amor,Elvis Martínez,Album,Directo al corazón,2000,afd63138-c3b1-4b72-aee7-cb1b87569c6b
Voy a amarte,Elvis Martínez,Album,Directo al corazón,2000,b226c417-8412-4075-9a30-c0700b832635
No se vale,Elvis Martínez,Album,Directo al corazón,2000,ad739fda-b238-4d37-81e7-e45eb5b910c5
Amada mía,Elvis Martínez,Album,Directo al corazón,2000,a7cbd9eb-e89b-4bdd-acc7-8d1902878ebe
Bailando con él,Elvis Martínez,Album,Directo al corazón,2000,c7f93c60-ec67-440b-b79f-29c99d88bf42
Lo doy todo por ti,Elvis Martínez,Album,Directo al corazón,2000,22c152b9-96c5-45e1-a2ed-3956831e8eec
Tu secreto,Elvis Martínez,Album,Directo al corazón,2000,65f524a2-ea6b-4e8e-8a64-2cbf78b47a67
Esta Navidad,Elvis Martínez,Album,Directo al corazón,2000,c429bbcc-552e-475b-88f5-ce7a1c8f0b19
Tú pa ya,Elvis Martínez,Album,Directo al corazón,2000,18a5744f-b072-4c94-8387-8c1c1b7dc444
Tú vas a volar,Junior & Jorge,Album,Tú vas a volar,2000,bd810d4b-2f4b-4896-a060-1bd8a6bd6818
Olvídala,Junior & Jorge,Album,Tú vas a volar,2000,71f7b180-ee3a-425d-b952-d66351517b4f
Si te pudiera mentir,Junior & Jorge,Album,Tú vas a volar,2000,cb92d633-dd6e-4b48-a6b7-c557996c7790
El buen perdedor,Junior & Jorge,Album,Tú vas a volar,2000,130e6624-e391-43d2-9fd3-0e256090f46a
La fotografía,Junior & Jorge,Album,Tú vas a volar,2000,2a72e681-0e60-4e35-b339-1c2632802f60
Temporal de amor,Junior & Jorge,Album,Tú vas a volar,2000,4b5882ec-1a40-46a0-a8bd-b0f5810fd5cb
Me duele,Junior & Jorge,Album,Tú vas a volar,2000,5b2aa855-3e30-4e73-995a-e8f2dd202df8
Cómo te olvido,Junior & Jorge,Album,Tú vas a volar,2000,fae09f0b-b9b7-4b9f-bf8e-41ab1926ab51
Hasta ayer,Junior & Jorge,Album,Tú vas a volar,2000,8436d3a1-a4b9-46c1-9112-bad8b52750b4
Amigo mío,Junior & Jorge,Album,Tú vas a volar,2000,115f4dab-4322-4e26-8edc-85ade35f3e79
El perdedor,Junior & Jorge,Album,Tú vas a volar,2000,4df272d7-92d3-4398-8a79-3beb47c05dc9
Si algún día la ves,Junior & Jorge,Album,Tú vas a volar,2000,64c2f147-cb5b-4e06-aaff-34946fbdf8c2
La noche,Yoskar Sarante,Album,Llora alma mía,2000,8f9e2d7b-11e2-4279-a8ed-537484826aac
No te detengas,Yoskar Sarante,Album,Llora alma mía,2000,bd38a9bd-fe0b-44f3-8bc4-60fb01ce4612
Llora alma mía,Yoskar Sarante,Album,Llora alma mía,2000,fa0a4836-7a95-4e1b-9a86-92f7fca6e0f1
Si te llego a perder,Yoskar Sarante,Album,Llora alma mía,2000,9a18371a-fa4d-4fec-a953-bb16612892db
Ay amor,Yoskar Sarante,Album,Llora alma mía,2000,f02aa340-c616-4654-bc05-cbc1dc42caaf
Cama separada,Yoskar Sarante,Album,Llora alma mía,2000,b605c6e2-9f68-4c00-910f-94a993a0dd4a
Tiene otro amor,Yoskar Sarante,Album,Llora alma mía,2000,706e2390-86da-431e-bbf6-d945b1d581ed
Que tiene esa hembra,Yoskar Sarante,Album,Llora alma mía,2000,59bd7f70-e688-4908-81d4-b30f2e88a6be
No te arrepientas,Yoskar Sarante,Album,Llora alma mía,2000,0c755d7c-e620-4e72-9d09-32224dfb7a14
Vas a llorar,Yoskar Sarante,Album,Llora alma mía,2000,517b2137-f5a3-4443-af67-d4169a74fa4a
Te perdí,Yoskar Sarante,Album,Llora alma mía,2000,92106dee-33a4-4819-93c5-811a52ded648
Jamás te olvidaré,Yoskar Sarante,Album,Llora alma mía,2000,fdde3f47-9f28-4413-a6e6-e9d592e85e3b
Aún eres una niña,Leonardo Paniagua,Album,Desde el fondo de mi alma,2002,559f6b25-e829-4b2a-bdbe-f21f948bcdd9
No podemos olvidarlo,Leonardo Paniagua,Album,Desde el fondo de mi alma,2002,3a4d5856-6d9b-4e2f-86aa-abf76442e105
De traición en traición,Leonardo Paniagua,Album,Desde el fondo de mi alma,2002,b112dc0b-ed9a-4581-99d6-8c3065d07f4d
Rosa linda,Leonardo Paniagua,Album,Desde el fondo de mi alma,2002,2b85167b-a2c9-4f2a-8794-38cbbfef27b6
Cuando pienso en ti,Leonardo Paniagua,Album,Desde el fondo de mi alma,2002,7bb81fd3-3200-42c8-aec4-4ec4f94ae82a
Ya me libré de ti,Leonardo Paniagua,Album,Desde el fondo de mi alma,2002,c18dada7-6960-4602-b3b1-30a12359d81b
Donde quiera que voy,Leonardo Paniagua,Album,Desde el fondo de mi alma,2002,b5805c55-8001-4d43-a69a-4736a1215254
Muriendo de amor,Leonardo Paniagua,Album,Desde el fondo de mi alma,2002,2192cf95-eac6-4751-94b9-9863c949b527
De rodillas,Leonardo Paniagua,Album,Desde el fondo de mi alma,2002,6ecd18a7-b42f-4def-82d7-f47a1526aacd
Dime que vas a hacer,Leonardo Paniagua,Album,Desde el fondo de mi alma,2002,909aa535-5211-4cbd-ab45-c279ce1c379c
Confusión,Leonardo Paniagua,Album,Desde el fondo de mi alma,2002,b27bc005-5750-4000-a53d-2160c3e23df3
Guitarra,Yoskar Sarante,Album,....No es casualidad,2002,74f516eb-42b6-4cb2-b1da-1fd1d35aa745
Perdido,Yoskar Sarante,Album,....No es casualidad,2002,79b08ba7-1112-46f0-a508-8a6bf3fb251d
Perdóname,Yoskar Sarante,Album,....No es casualidad,2002,f468c8b5-3015-4de5-bc91-ee8ff5c424ed
No Tengo Suerte en el Amor,Yoskar Sarante,Album,....No es casualidad,2002,bc46aad1-e864-4de5-b5ce-c61482244093
Por una Mentira,Yoskar Sarante,Album,....No es casualidad,2002,8128b7c4-13c6-45f8-b027-f484e409cc1b
El Amor es Libre,Yoskar Sarante,Album,....No es casualidad,2002,75ab910b-c0ef-4540-9bd3-cd3152bf6d1f
He Tenido que Llorar,Yoskar Sarante,Album,....No es casualidad,2002,49465797-081d-4323-885d-32ff9976cf87
Prohíbeme,Yoskar Sarante,Album,....No es casualidad,2002,d197c65b-8900-4be0-b5e5-3a7cf4d455db
Guerra de Amor,Yoskar Sarante,Album,....No es casualidad,2002,9441ec45-05d1-48e2-ae7a-ef4cc1a48f14
Tres Veces,Yoskar Sarante,Album,....No es casualidad,2002,fd962e12-c3ed-48b6-8336-fc8b72a6b846
Con las Alas Rotas,Yoskar Sarante,Album,....No es casualidad,2002,e215e3f8-4d97-4ccc-baa3-8d4b242dfcff
Perdidos,Monchy & Alexandra,Album,Hasta el fin,2004,d000493f-5eee-4669-953f-80348f4a413b
No me pidas,Monchy & Alexandra,Album,Hasta el fin,2004,500574ea-a300-4a36-82a5-1e3df4ec62f0
Hasta el fin,Monchy & Alexandra,Album,Hasta el fin,2004,fa11e207-f69a-4d93-b87d-2eef933a23e8
Esperando estar juntos,Monchy & Alexandra,Album,Hasta el fin,2004,4e65497c-3200-4831-95f4-7ade84313c29
No te prometo que sí,Monchy & Alexandra,Album,Hasta el fin,2004,a9256258-3bec-4de3-8754-b9eb555bf62b
Quisiera olvidarte,Monchy & Alexandra,Album,Hasta el fin,2004,0ef73b46-0681-43de-9362-0c46884b4a1f
Dividido en dos,Monchy & Alexandra,Album,Hasta el fin,2004,ac967918-459d-4d8f-bf5d-47d9c56b6398
Fantasías,Monchy & Alexandra,Album,Hasta el fin,2004,9020e731-be8b-4ec3-982d-a5dae905789a
Hazme tu esposa,Monchy & Alexandra,Album,Hasta el fin,2004,2ba88eeb-97f6-4f41-81e9-9e61abdc3186
Tú sin mí y yo sin ti,Monchy & Alexandra,Album,Hasta el fin,2004,4c9bad99-522a-4a2e-90d2-1f28231a738c
Arrancarte de mi piel (Me olvidaste),Monchy & Alexandra,Album,Hasta el fin,2004,91bd4666-319a-4c3b-9c10-549f58af736c
Los recuerdos no abrazan,Monchy & Alexandra,Album,Hasta el fin,2004,894975b2-0a68-4020-9c1d-408a1ca6d0fd
"Baby, olvídame",Monchy & Alexandra,Album,Hasta el fin,2004,f508640e-2f8d-47f0-800c-f08d150e86f5
Perdidos (versión balada),Monchy & Alexandra,Album,Hasta el fin,2004,57c7894b-b196-4675-9d44-fb22391b9ada
Cuando volverás,Aventura,Album,Unplugged,2004,a1784457-4406-4f59-aa82-880934f8481c
No lo perdona Dios,Aventura,Album,Unplugged,2004,4392a656-6e60-475d-9d96-5e83b07fe35c
9:15,Aventura,Album,Unplugged,2004,5aa61fba-71d7-4f6f-b58a-f94fba9c51e6
Amor de madre,Aventura,Album,Unplugged,2004,58aa1810-1041-4ba7-b215-c9e48f7acad0
Enséñame a olvidar,Aventura,Album,Unplugged,2004,4514dd89-472a-4289-bb9f-627baea3ae28
Un poeta enamorado,Aventura,Album,Unplugged,2004,12ce7d21-7cc7-49af-8bc4-22580c33cc23
Mi Puerto Rico,Aventura,Album,Unplugged,2004,a8e3b31b-52e8-41e8-ae47-112ad963c10e
Obsesión,Aventura,Album,Unplugged,2004,95d3081f-4a45-44e2-9e48-fbc7bbd2a637
Lágrimas,Aventura,Album,Unplugged,2004,a535acf9-3392-4c12-b548-a243dd818d92
Que ironía (versión bachata),Andy Andy,Album,Ironía,2005,3ea50788-290e-4f95-a2b4-d650ca2bd9a7
A quién le importa (versión bachata),Andy Andy,Album,Ironía,2005,a5a182fe-0311-41bc-b987-60df256d3190
Mala suerte en el amor,Andy Andy,Album,Ironía,2005,882b7a68-40b1-4ef7-88ed-560a53057313
Para no verte más,Andy Andy,Album,Ironía,2005,c1580f3d-4648-47f4-b302-82bbaafb7da8
Voy a quererla,Andy Andy,Album,Ironía,2005,4016dfc2-6e41-4057-a02f-53cea0b4b17a
Llegó tu hora,Andy Andy,Album,Ironía,2005,44e5d6c1-85fa-4875-a17a-cad15d71b167
Me extrañarás,Andy Andy,Album,Ironía,2005,b0015a1e-c7df-4cf4-a854-46f3a5428bab
Te quiero tanto,Andy Andy,Album,Ironía,2005,a2b0d4f6-3daa-46e4-b385-b8e7b31d488b
Sentado en el muelle de la bahía,Andy Andy,Album,Ironía,2005,5f6ab42b-b29d-4dc4-996a-aaaa27d83d4a
Así es el amor,Andy Andy,Album,Ironía,2005,234bf804-62af-4b33-96b0-fba985ac60a0
Mentía,Andy Andy,Album,Ironía,2005,484829c2-2f62-4149-9fb6-8033d290024c
Que ironía (versión balada),Andy Andy,Album,Ironía,2005,630a3c62-809a-4ad0-bd52-782fe47691c0
A quién le importa (versión balada),Andy Andy,Album,Ironía,2005,9a06d064-6163-4eb7-811e-fab79e5a2fb4
Que ironía (versión reggaeton),Andy Andy,Album,Ironía,2005,fc9882d6-cf84-41cb-9063-b4d92d897916
A quién le importa (cumbia norteña),Andy Andy,Album,Ironía,2005,1837080e-ba05-448a-afd3-ee4ef09eedc4
A quién le importa (versión reggaeton),Andy Andy,Album,Ironía,2005,72bd42fb-b640-4b03-b5c3-1ea1d057858d
Se me acabó el amor,Yoskar Sarante,Album,Parada 37,2005,ae02c18d-652b-4523-a95f-34b58c80f086
Entre tu amor y mi dolor,Yoskar Sarante,Album,Parada 37,2005,380d14a8-1490-4801-ad99-2e3834556e36
Vale la pena,Yoskar Sarante,Album,Parada 37,2005,77c20c52-3f3c-45c4-a995-8954dfcef343
Mi barca,Yoskar Sarante,Album,Parada 37,2005,26b05219-ffae-4547-aa0c-b3abf7bf8d3e
Me rompió la cama,Yoskar Sarante,Album,Parada 37,2005,dd93b9b3-c133-4578-a43e-6ba547df2fe1
Chocolate hay en su pecho,Yoskar Sarante,Album,Parada 37,2005,5aa6433e-0b88-4073-93b2-4d9b2e2b48e5
Me quedó tu mancha,Yoskar Sarante,Album,Parada 37,2005,d1865211-059c-4e86-a494-64e4683cbb93
Mi años con ella,Yoskar Sarante,Album,Parada 37,2005,1b9a77b5-7097-41bc-8f74-4fe01a29cc7c
Parada,Yoskar Sarante,Album,Parada 37,2005,6f88bc34-43aa-4c11-b319-534beeb6fbe3
Porque muero,Yoskar Sarante,Album,Parada 37,2005,f5eb1cc1-d5ef-4ded-929d-e5dc16954f78
Estoy herido,Yoskar Sarante,Album,Parada 37,2005,100b8af2-f123-4d19-bb6b-179d940b73de
Dime a dónde vas,Yoskar Sarante,Album,Parada 37,2005,756da136-917a-43f5-9124-1f2a717ade15
"Se fue de mí (Aunque respiro, no vivo)",Frank Reyes,Album,Dosis de amor,2005,93bb76d7-3066-4ecb-9f3c-698aeb294a4e
El alcohol,Frank Reyes,Album,Dosis de amor,2005,989b9856-9502-40a2-8243-d0fcd8bb8945
Dosis de amor,Frank Reyes,Album,Dosis de amor,2005,44dc6484-2a55-4372-9c3f-8e31beb37e8c
Es mentira tu amor,Frank Reyes,Album,Dosis de amor,2005,9614a9a9-db11-4d31-9994-2f0564a9a97c
Princesa,Frank Reyes,Album,Dosis de amor,2005,e2f34e84-c7f4-42a1-86bb-817527f81279
Compadre,Frank Reyes,Album,Dosis de amor,2005,db0c4df5-0a34-4c2b-b7b3-ed5b3219bcb6
Qué voy a hacer sin ti,Frank Reyes,Album,Dosis de amor,2005,ef7f9603-3f70-42d7-8f83-f5c6e62af745
Llévate la cama pa' la calle,Frank Reyes,Album,Dosis de amor,2005,91014e1b-82eb-45c7-a16e-e36dc31e7879
Te fuiste sin decir nada,Frank Reyes,Album,Dosis de amor,2005,9e426907-ae21-4338-8ed8-951c93caa733
Presumida,Frank Reyes,Album,Dosis de amor,2005,6271b50e-52c5-447c-8128-48cd2ea946e7
Tú me pides que te olvide,Frank Reyes,Album,Dosis de amor,2005,a1d85a20-98c1-4978-9730-a90b98e1e92d
Lo que la vida te da,Frank Reyes,Album,Dosis de amor,2005,0de67e5b-8840-4045-8f77-c05ad1cca84e
Te extraño (bachata),Xtreme,Album,Xtreme,2005,aa20bd07-4474-40af-9b00-91cddc7bc052
Ahora vete,Xtreme,Album,Xtreme,2005,252cac39-6f71-4771-b426-8af022876223
Me cambiaste la vida,Xtreme,Album,Xtreme,2005,407f8ce1-410d-44f1-a2ad-521866f11a56
"Honey, I Do",Xtreme,Album,Xtreme,2005,9b0289c7-95d0-4014-8e9d-3aac03c8bb35
Mi niña,Xtreme,Album,Xtreme,2005,4c4fc385-b246-49e3-a5c7-deb9daf5f4a5
Ese fui yo,Xtreme,Album,Xtreme,2005,a83a4f83-299f-42ef-bee0-2965cd5fc371
Pardon Me,Xtreme,Album,Xtreme,2005,3f6a7404-1bbb-4a33-bac9-278464b27954
Caricias,Xtreme,Album,Xtreme,2005,d88a2d63-345b-4d3f-a191-4559e7ec6bac
Amor destrozado,Xtreme,Album,Xtreme,2005,f48a47cd-7220-4f26-9dad-9859b8525eda
Ya no aguanto más,Xtreme,Album,Xtreme,2005,12e70daf-cc99-4657-8f04-271b17d2df26
Te extraño (r&b version),Xtreme,Album,Xtreme,2005,b1e9d643-921a-44d0-b7be-731fcc8f890e
Perdón por adorarte,Charlie Zaa,Album,Bachata con puro sentimiento,2005,1a764760-aab2-4b11-afe2-c291c4d12bef
Senderito de amor,Charlie Zaa,Album,Bachata con puro sentimiento,2005,25c561ee-e803-454c-a234-7494fbe8d5e5
En ese más allá,Charlie Zaa,Album,Bachata con puro sentimiento,2005,c2676ee4-3d34-44a2-8cf6-c2a1e38143a5
Llora corazón,Charlie Zaa,Album,Bachata con puro sentimiento,2005,3d9be286-e567-4bc8-9bed-e8d24e628faa
Lamparilla,Charlie Zaa,Album,Bachata con puro sentimiento,2005,7c4f063e-a0d8-4950-aa5d-55954788818a
Fatalidad,Charlie Zaa,Album,Bachata con puro sentimiento,2005,b546e2f6-e81a-482c-b065-5a9685a30048
Como una sombra,Charlie Zaa,Album,Bachata con puro sentimiento,2005,9edeef14-be81-470c-8c0d-c99fb981bd85
Traicionera,Charlie Zaa,Album,Bachata con puro sentimiento,2005,c031d33b-2a85-4f65-9349-b7f7166179cc
Pobre novia,Charlie Zaa,Album,Bachata con puro sentimiento,2005,3ed9ebb0-82c0-4958-9309-39831846e322
Triste conmigo,José Manuel Calderón,Album,José Manuel Calderón,2006,3b9e5235-4625-4adb-99e3-145836d70272
Que te vaya bien,José Manuel Calderón,Album,José Manuel Calderón,2006,e264b2d4-95f9-4a28-ac8a-2985071e199d
La mancha,José Manuel Calderón,Album,José Manuel Calderón,2006,6046c22a-854f-458d-843c-fd91565da253
Esa que va por la calle,José Manuel Calderón,Album,José Manuel Calderón,2006,08b7a4f0-564a-4d91-9924-50e72a1f00c0
Te casaras,José Manuel Calderón,Album,José Manuel Calderón,2006,3ca0e9d4-ac8a-4119-9406-890fedad8ffa
"Humo, cerveza y licor",José Manuel Calderón,Album,José Manuel Calderón,2006,b6c206f9-45ca-4efa-a5ee-87a0857f51cb
Doble cadena,José Manuel Calderón,Album,José Manuel Calderón,2006,c2f0ff7d-47d1-4631-8e4f-681f4e7f74af
Estás perdida,José Manuel Calderón,Album,José Manuel Calderón,2006,e5796297-2e14-4237-88f6-9b59c378439c
Tu castigo,José Manuel Calderón,Album,José Manuel Calderón,2006,5658f037-8bb8-4eff-8cda-69a083dac10a
Frente a frente,José Manuel Calderón,Album,José Manuel Calderón,2006,5821d048-fdb4-4acc-a47e-e0a33f77848b
Lucía,Víctor Víctor,Album,Bachata entre amigos,2006,7e6646fd-d524-47f6-9da8-6020b4323aa2
Graffiti de amor,Víctor Víctor,Album,Bachata entre amigos,2006,cbb82ef5-9897-4917-8d6d-05cbf31750a4
Por amor,Víctor Víctor,Album,Bachata entre amigos,2006,596267e2-4985-4723-9b3d-f7b95967586e
Rabo de nube,Víctor Víctor,Album,Bachata entre amigos,2006,73523f32-dee0-4ba0-b902-0adda2f66620
Años,Víctor Víctor,Album,Bachata entre amigos,2006,6082f459-0c03-4da2-b188-bf6ca5512cf5
Un vestido y un amor,Víctor Víctor,Album,Bachata entre amigos,2006,78d76e37-25dd-434c-831c-901218237316
A la sombra de un león,Víctor Víctor,Album,Bachata entre amigos,2006,c8beab16-e8c6-452a-ab87-24f22e3d4570
Andresito Reyna,Víctor Víctor,Album,Bachata entre amigos,2006,1ad34e50-fb95-4903-9d01-f93082e1ba3f
Créeme,Víctor Víctor,Album,Bachata entre amigos,2006,cf8defd0-02a0-499c-9dd4-96cd380e4538
Dónde estabas tú,Víctor Víctor,Album,Bachata entre amigos,2006,2e807c40-71eb-4571-a4ba-612ba01e3e85
Quiero abrazarte tanto,Víctor Víctor,Album,Bachata entre amigos,2006,3b40a440-39f6-4037-b708-d297e4e3808e
No te da,Víctor Víctor,Album,Bachata entre amigos,2006,829debfd-fd05-45e8-91a8-97dd06d3d6bf
Debajo del puente,Víctor Víctor,Album,Bachata entre amigos,2006,250dcb3e-bd20-4fd2-bbca-4a7ca3a7fd40
Llanto al alma,Víctor Víctor,Album,Bachata entre amigos,2006,030b076f-d908-41d1-ae38-2a3503bd4ee9
Solo bachatas,Víctor Víctor,Album,Bachata entre amigos,2006,01e00525-670f-4a29-af85-4558b91620a2
Intro,Aventura,Album,Kings of Bachata: Sold Out at Madison Square Garden,2007,192e7eb6-66da-4da0-aac2-8c4773853ed7
Los infieles,Aventura,Album,Kings of Bachata: Sold Out at Madison Square Garden,2007,3f5694d0-eae4-4b4d-acbe-f8072bf03f53
Todavía me amas,Aventura,Album,Kings of Bachata: Sold Out at Madison Square Garden,2007,70538183-7ce6-4d43-9276-eaa7e96444b1
Angelito,Aventura,Album,Kings of Bachata: Sold Out at Madison Square Garden,2007,b525cf19-cf07-4291-9e79-b5979fae063e
Hermanita,Aventura,Album,Kings of Bachata: Sold Out at Madison Square Garden,2007,2d737e39-d638-4aed-9bb5-433c1846c1d7
Enséñame a olvidar,Aventura,Album,Kings of Bachata: Sold Out at Madison Square Garden,2007,57ddce76-1df8-47fa-a536-11e0dcbfd5cd
Amor de madre / Mi niña cambió / Un chi chi (medley),Aventura,Album,Kings of Bachata: Sold Out at Madison Square Garden,2007,7cd7b340-a595-4624-871f-d209c29d0504
La película,Aventura,Album,Kings of Bachata: Sold Out at Madison Square Garden,2007,f2b6aa4c-3bec-4b88-8aef-e14894d493a6
Lloro,Aventura,Album,Kings of Bachata: Sold Out at Madison Square Garden,2007,605dded4-dc02-4612-9759-53923586c864
9:15,Aventura,Album,Kings of Bachata: Sold Out at Madison Square Garden,2007,f8fa76a4-395f-4225-ba42-76bb35001fab
Voy malacostumbrado,Aventura,Album,Kings of Bachata: Sold Out at Madison Square Garden,2007,09557a40-0799-4e5f-a54e-d3e177756a25
Me voy,Aventura,Album,Kings of Bachata: Sold Out at Madison Square Garden,2007,2a5a1c18-43fe-4981-aa60-5fa2fa136931
Ella y yo,Aventura,Album,Kings of Bachata: Sold Out at Madison Square Garden,2007,ec729244-ccce-453f-aeb7-ef4d67adcf58
Jose,Aventura,Album,Kings of Bachata: Sold Out at Madison Square Garden,2007,3e1545be-a269-46fc-beae-78f197fac1f2
Noche de sexo,Aventura,Album,Kings of Bachata: Sold Out at Madison Square Garden,2007,09a896bd-ae00-42f4-98fb-f4f374b976ad
El perdedor,Aventura,Album,Kings of Bachata: Sold Out at Madison Square Garden,2007,c56d4bca-6844-4d12-9fef-79c4c50f7c11
Medley Old School Aventura,Aventura,Album,Kings of Bachata: Sold Out at Madison Square Garden,2007,0e3cb03e-99f9-472d-a11d-c2e6148acca2
La boda,Aventura,Album,Kings of Bachata: Sold Out at Madison Square Garden,2007,9631e396-1776-4c79-8271-2deded0d5783
Mujeriego,Aventura,Album,Kings of Bachata: Sold Out at Madison Square Garden,2007,c854f5b3-42e2-4dbc-b29f-5b25bf36e233
Ciego de amor,Aventura,Album,Kings of Bachata: Sold Out at Madison Square Garden,2007,3399be3b-1aef-4d5a-b023-dd51ced74aa2
Un beso,Aventura,Album,Kings of Bachata: Sold Out at Madison Square Garden,2007,98d66495-3f39-4382-b3af-11442b514e79
Mi corazoncito,Aventura,Album,Kings of Bachata: Sold Out at Madison Square Garden,2007,5f068d08-b8b9-491e-a0c7-3420a96cb0c6
Esclavo de tu amor,Various Artists,Album,Los grandes de la bachata,2007,15e1c209-80f6-429f-9680-b7f06e49f82d
Amor imposible (Te pido y te ruego),Various Artists,Album,Los grandes de la bachata,2007,0e4ca761-b4a2-4699-8214-33d9ac1f92a0
Esa que va por la calle,Various Artists,Album,Los grandes de la bachata,2007,49b19fe9-5dd5-4399-9d12-8778ae6a7f5f
Mi muchachita,Various Artists,Album,Los grandes de la bachata,2007,2a8e927a-f107-44a7-a397-704182d36cde
El vaso desechable,Various Artists,Album,Los grandes de la bachata,2007,ce847fea-7bb6-4af6-a7ef-7b101c60b37d
Fue de los dos,Various Artists,Album,Los grandes de la bachata,2007,81c05304-c2e0-42d3-9eeb-e948ddf05075
Diptongo de amor,Various Artists,Album,Los grandes de la bachata,2007,b32926bc-c597-4fbc-8200-c282c5c41cf5
El atrapa chele,Various Artists,Album,Los grandes de la bachata,2007,996395ed-fea4-4df0-a293-6e47b7e3ff07
Esa pared,Various Artists,Album,Los grandes de la bachata,2007,39c2d78f-0c25-4182-b05a-3abf06260f9f
Vuelve,Various Artists,Album,Los grandes de la bachata,2007,494882d9-b0e7-4705-94dc-921ffead3c7d
Soy cancionero (Noche de angustia),Various Artists,Album,Los grandes de la bachata,2007,f4108edd-19c0-416d-a02b-f8cece5f4343
Reconciliación,Various Artists,Album,Los grandes de la bachata,2007,94e4419c-73bd-4f30-bd2d-44af1dcf57a5
El vicio del amor,Various Artists,Album,Los grandes de la bachata,2007,4a6445f1-139b-4f2b-be37-d35dd2123584
Viviana,Various Artists,Album,Los grandes de la bachata,2007,4a4ed185-eb2a-42c9-9ed9-b329bd2aed54
No juguemos con candela,Various Artists,Album,Los grandes de la bachata,2007,e1655230-9c58-4da6-b2b0-1599482c6353
Mujer malvada,Various Artists,Album,Los grandes de la bachata,2007,2f5185e1-4c40-484e-857b-680a43d2f842
Amar o morir,Elvis Martínez,Album,La luz de mis ojos,2007,79f4b60a-3de4-4156-a907-bc678a12862b
Aventura,Elvis Martínez,Album,La luz de mis ojos,2007,dbbd6ac9-aae5-4eca-a609-549957e48d6d
Agua en el verano,Elvis Martínez,Album,La luz de mis ojos,2007,c6dc5a2b-7fa0-4afc-88b7-052203f271f7
Donde diablos,Elvis Martínez,Album,La luz de mis ojos,2007,d4a9e34b-cc8c-493f-8de3-7f654eec6d27
Estupida mentira,Elvis Martínez,Album,La luz de mis ojos,2007,af074cb3-0b0d-4770-b773-40efd89fe8d0
La luz de mis ojos,Elvis Martínez,Album,La luz de mis ojos,2007,d0b59075-68d9-4b4d-bb6b-bc1f36250e99
Laudano,Elvis Martínez,Album,La luz de mis ojos,2007,c81b54aa-f4c6-4a61-8a04-2342e0b5fb79
Lento y suave,Elvis Martínez,Album,La luz de mis ojos,2007,9eadcb22-d974-4292-ac8e-583381216e9d
I Love You,Elvis Martínez,Album,La luz de mis ojos,2007,d36894c2-7c95-4f1c-9f40-d85d751cf654
Todo,Elvis Martínez,Album,La luz de mis ojos,2007,690f5e9e-ced8-4061-93d9-50513a6c2fae
Ya no mas,Elvis Martínez,Album,La luz de mis ojos,2007,2d36eaa3-ca88-4d0b-b055-754a6080422f
Te amo,Zacarías Ferreira,Album,El amor vencerá,2008,bfce5a6b-5d3b-4d49-a1a1-a02ed79c1619
Chica de mi barrio,Zacarías Ferreira,Album,El amor vencerá,2008,e6bacd31-f0dd-4cf3-a6ef-8f8408a76418
Chica linda,Zacarías Ferreira,Album,El amor vencerá,2008,e9355a87-8f38-4048-bd7d-61a1ef840470
No te vayas,Zacarías Ferreira,Album,El amor vencerá,2008,ccc8507e-b70e-40aa-a79c-0d6531f1111b
Música del cielo,Zacarías Ferreira,Album,El amor vencerá,2008,9e313668-1cba-4a01-a17c-95700b881c88
El amor vencerá,Zacarías Ferreira,Album,El amor vencerá,2008,66e6ced9-659b-41d1-ad57-1c12f7a35f89
Enamorado,Zacarías Ferreira,Album,El amor vencerá,2008,2a3c4c04-ffa0-4f13-b70a-945914de8260
Te necesito,Zacarías Ferreira,Album,El amor vencerá,2008,e624e832-de5a-4457-ae7c-f067f2b2d8ee
No sé si fue bueno o fue mal,Zacarías Ferreira,Album,El amor vencerá,2008,a8e65146-cd7b-45e5-bd33-61c1d425cd79
Ven morena,Zacarías Ferreira,Album,El amor vencerá,2008,080987a9-db85-4cf9-9771-3839461dc8c6
Todos juntos,Zacarías Ferreira,Album,El amor vencerá,2008,fd065d53-088a-43fa-8e6d-33147c547447
El carajo,Zacarías Ferreira,Album,El amor vencerá,2008,9e92f913-6529-478d-88f3-3155351c1ddd
Radio rompecorazones,Daniel Santacruz,Album,Radio rompecorazones,2008,46d59656-1b4e-4b73-9f73-659ba4cfa019
A dónde va el amor,Daniel Santacruz,Album,Radio rompecorazones,2008,4db1f1ae-aac2-4ec9-82d9-64c4d9986e16
If I Give You My Love,Daniel Santacruz,Album,Radio rompecorazones,2008,a82d152d-900d-4f1e-9d77-7228ec4c6736
La misma novela,Daniel Santacruz,Album,Radio rompecorazones,2008,fc716ad2-c568-4d52-81a5-643736c4ea25
No vale la pena sufrir,Daniel Santacruz,Album,Radio rompecorazones,2008,6045284c-12dc-496d-ba2c-b7fc78d33eef
Bailando contigo,Daniel Santacruz,Album,Radio rompecorazones,2008,f6f75666-c7bb-4498-9c37-7eb17b04fa60
Al otro lado del mar,Daniel Santacruz,Album,Radio rompecorazones,2008,2f584f9d-670f-4547-8fde-ef6687c00b3a
Alíviame,Daniel Santacruz,Album,Radio rompecorazones,2008,673574c7-088a-46ed-96cf-13d088f6aef2
Que no quede huella,Daniel Santacruz,Album,Radio rompecorazones,2008,4b8c0ec8-ac1a-4b1b-8677-76b23528c9cc
Santo Domingo sin ti,Daniel Santacruz,Album,Radio rompecorazones,2008,d4795ff4-b1a4-4588-8994-fe9ffa23c4c5
Este amor,Daniel Santacruz,Album,Radio rompecorazones,2008,3f3d5193-14b5-46cb-8174-3f9c1aa43f76
Hay amores,Daniel Santacruz,Album,Radio rompecorazones,2008,0e3cd3ef-d849-4d06-84ec-eb032dd18210
Bailando contigo (romance version),Daniel Santacruz,Album,Radio rompecorazones,2008,d0e869a2-89ae-4611-8c7d-02b1424b61ee
A dónde va el amor (pop version),Daniel Santacruz,Album,Radio rompecorazones,2008,efcaa8f6-8703-40e7-8832-cea1a25f73bd
If I Give You My Love (pop version),Daniel Santacruz,Album,Radio rompecorazones,2008,a5324aec-788e-4ff9-af01-113a751d27f1
Una bomba,Various Artists,Album,Lo mejor del Caribe 2008,2008,6755eb08-3ecf-4651-81a3-d5c0699e779a
Es tan difícil,Various Artists,Album,Lo mejor del Caribe 2008,2008,beb247ab-d52a-497f-93fc-e693346f955e
Dime que falto,Various Artists,Album,Lo mejor del Caribe 2008,2008,b53ad2e6-ece9-4d2e-a2b4-e6400b2d9a87
Te regalo el mar,Various Artists,Album,Lo mejor del Caribe 2008,2008,6d9fc2ed-141c-4489-9dc1-c803ad007aaf
Con tu regreso,Various Artists,Album,Lo mejor del Caribe 2008,2008,d9faa04c-8b4e-492c-8833-899d284f8b88
Amor desperdiciado,Various Artists,Album,Lo mejor del Caribe 2008,2008,c1658af8-dcf4-4215-8c52-ee197dc7aef5
La botella,Various Artists,Album,Lo mejor del Caribe 2008,2008,4de78ee8-8465-46f9-b5c3-e9bdd3a7a3fd
Si no me ama,Various Artists,Album,Lo mejor del Caribe 2008,2008,d9e59cd9-6db3-4a56-b083-9b1cc76ab842
Tú ta tan buena,Various Artists,Album,Lo mejor del Caribe 2008,2008,206417eb-b045-403a-97b6-668f837f056d
Perro ajeno,Various Artists,Album,Lo mejor del Caribe 2008,2008,dd6daaff-a68f-47dc-a337-7037c033a7a9
No te irás,Various Artists,Album,Lo mejor del Caribe 2008,2008,7b5ba738-4396-4d5b-a8f1-ddee7e265ced
Caro o cruz,Various Artists,Album,Lo mejor del Caribe 2008,2008,ea0afa59-1824-4c3c-b0e6-44e13367f7ec
Amanente en silencio,Various Artists,Album,Lo mejor del Caribe 2008,2008,6946ea74-9326-49ad-a8a3-17ba0b868ca4
La playa,Various Artists,Album,Lo mejor del Caribe 2008,2008,58530352-1897-4b10-852c-f9df83f8c5bb
Cuando los sapos baila flamenco,Various Artists,Album,Lo mejor del Caribe 2008,2008,3ef23932-d0fb-4a25-af7f-1d84aff25d86
Víveme,Various Artists,Album,Lo mejor del Caribe 2008,2008,4e0107c7-6b34-4f18-989d-06d2821acaa1
Se muere un hombre,Yoskar Sarante,Album,Vuelve vuelve,2008,819a869f-8ddc-48a9-8981-ded8b667238c
Cuando se va un amor,Yoskar Sarante,Album,Vuelve vuelve,2008,e7625b35-e99b-4619-8135-0d5bf16edb05
Cuéntale,Yoskar Sarante,Album,Vuelve vuelve,2008,0e0684fa-e1e3-41bc-8718-e2963cae9011
Dame una oportunidad,Yoskar Sarante,Album,Vuelve vuelve,2008,69510caa-c702-4d5c-8e50-56a2dbab6caa
Y le mentí de nuevo al amor,Yoskar Sarante,Album,Vuelve vuelve,2008,834538d5-d792-4f23-a9dd-0aec1efd65f8
Escobita nueva,Yoskar Sarante,Album,Vuelve vuelve,2008,a7937346-c312-425e-b4c9-8e3e1741fafb
Esta vida,Yoskar Sarante,Album,Vuelve vuelve,2008,9ee69f15-33d3-46f8-b456-28cfde591e8b
Estoy llorando,Yoskar Sarante,Album,Vuelve vuelve,2008,0022644d-83e3-4c7c-b9ca-93ec02cf8f29
Me voy del pueblo,Yoskar Sarante,Album,Vuelve vuelve,2008,e31a192b-9999-4e69-b693-8e48098f5b5a
Princesa,Yoskar Sarante,Album,Vuelve vuelve,2008,bcab13d9-b2f5-4c93-86e4-f7b0047fdbd7
Si pero no,Yoskar Sarante,Album,Vuelve vuelve,2008,2f6f9e73-a76f-42ae-a783-8828d48f73b8
Ven,Yoskar Sarante,Album,Vuelve vuelve,2008,552af02d-5a93-40f4-8284-071e8eff659e
Vuelve vuelve,Yoskar Sarante,Album,Vuelve vuelve,2008,b09c8247-4444-4afc-afd3-8b33d58f6706
Aferrado,Joe Veras,Album,Vida,2008,358e7472-f2dd-40c6-9ab6-869aba25e149
Vida,Joe Veras,Album,Vida,2008,f4d586a9-cffb-456c-9eea-9b3044e6ef97
Pido auxilio,Joe Veras,Album,Vida,2008,05ec6b93-b8c6-4d0e-9dfd-dc4cdf0659f2
Ella volvio,Joe Veras,Album,Vida,2008,f9c3eed1-eeab-4d43-91c9-1de10bd0bdb9
Duelale a quien le duela,Joe Veras,Album,Vida,2008,4f0de027-5680-4f54-993f-d8a911f44551
Sexto sentido,Joe Veras,Album,Vida,2008,420457a7-c249-4a75-a3e2-aac34e3bd747
Voy a llorar,Joe Veras,Album,Vida,2008,8fc486f9-6a2a-40d0-8f80-39223d0cbd86
La maldaosa,Joe Veras,Album,Vida,2008,a8393147-059e-4604-b61d-4f2d310728a9
Me enamore,Joe Veras,Album,Vida,2008,7e3581db-74e6-4572-b85d-12a23a5f97fb
No te quites la ropa,Joe Veras,Album,Vida,2008,755027d6-a754-4295-abb9-fbbff9fc6471
Juanita morel,Joe Veras,Album,Vida,2008,7cb4caa3-7976-4af7-8d85-d8f0c508c5cd
Muchos cambios en el mundo,Antony Santos,Album,Muchos cambios en el mundo,2008,1f146093-683b-4770-97de-5c798924f97e
Celoso,Antony Santos,Album,Muchos cambios en el mundo,2008,ac98484b-2063-46fc-8696-fe20db08bb19
Corazón duro,Antony Santos,Album,Muchos cambios en el mundo,2008,d11537fc-29d0-4c0b-bc85-7f2f66ad1247
La gozadera,Antony Santos,Album,Muchos cambios en el mundo,2008,119ee0d1-ab05-4a51-9624-1bb0348615cb
Martha la reina,Antony Santos,Album,Muchos cambios en el mundo,2008,24a9b40d-2e2e-4417-97b5-673df9d8cf91
Como tu mujer,Antony Santos,Album,Muchos cambios en el mundo,2008,7d7adf43-3141-47b0-baf6-782f9de95c27
Cuantos días más,Antony Santos,Album,Muchos cambios en el mundo,2008,6e7263ff-0ba7-45b6-9d5a-3c47dd42fa9e
Te quiero tanto,Antony Santos,Album,Muchos cambios en el mundo,2008,c2bebf30-5417-44c0-8823-79a0249374f7
Quiereme a mi solito,Antony Santos,Album,Muchos cambios en el mundo,2008,be08bbda-62d7-42f3-93c8-5581b742b331
Sin ti no puedo,Antony Santos,Album,Muchos cambios en el mundo,2008,168671c0-ecbf-417e-89ea-3c06691813a7
Bandida,Kiko Rodríguez,Album,Vete y vuelve otra vez,2011,e5df003b-f813-4058-a661-0d2e0095517d
10 de diciembre,Kiko Rodríguez,Album,Vete y vuelve otra vez,2011,a5bbff6c-cedb-45df-8299-afee7271ef42
Hasta cuando señor,Kiko Rodríguez,Album,Vete y vuelve otra vez,2011,e66ad1a2-941f-4025-a373-2951f7b33f20
Un beso,Kiko Rodríguez,Album,Vete y vuelve otra vez,2011,bf2bce48-54e2-45a6-9c2b-d45bafa31dfd
Mi odio,Kiko Rodríguez,Album,Vete y vuelve otra vez,2011,b8968811-cc57-48e6-81df-eb6722405282
No me olvidé de tu amor,Kiko Rodríguez,Album,Vete y vuelve otra vez,2011,f60286ac-3a65-4896-b8fd-c9f5644cabf6
Vete y vuelve otra vez,Kiko Rodríguez,Album,Vete y vuelve otra vez,2011,1dd7dbbf-c7a7-4d4d-ba71-5ba39c383197
Homenaje al jibarito,Kiko Rodríguez,Album,Vete y vuelve otra vez,2011,64acd614-67d3-4b6b-8ac3-38b6ba784acd
No soy bandolero,Kiko Rodríguez,Album,Vete y vuelve otra vez,2011,d97d717f-3181-4249-8a81-36b5e1c36bfc
Toma mambo,Kiko Rodríguez,Album,Vete y vuelve otra vez,2011,090bca2e-ac77-4581-9dbd-adf02c07968b
Calzoncillo largo,Various Artists,Album,The Bachata Legends,2011,352c5a9e-ebae-4569-a315-11b6607dcb90
Bendita nena,Various Artists,Album,The Bachata Legends,2011,93dcab30-24f0-4295-b4ad-30cccd4946d5
Con el amor no se juega,Various Artists,Album,The Bachata Legends,2011,8a71353a-ddae-47c9-86ba-6fa2f3759414
Amarra la chiva,Various Artists,Album,The Bachata Legends,2011,63f29621-f235-41b6-b83c-69dd34c349ef
Tu sombra,Various Artists,Album,The Bachata Legends,2011,4cb13d76-559e-4bd4-9693-1d051647f27d
La cruz de olvido,Various Artists,Album,The Bachata Legends,2011,55bf4230-e912-41b9-9a66-6a832f4a8104
Qué grande es el amor,Various Artists,Album,The Bachata Legends,2011,751f45ee-aeb6-44bd-a812-b6e853d56e15
Chacki chacki,Various Artists,Album,The Bachata Legends,2011,9625f1d1-d99a-4864-8554-9edef521cb8a
Negra ¿Por qué me dejaste?,Various Artists,Album,The Bachata Legends,2011,bff72eaa-95db-4d6b-b647-22b29ffeb153
En un cuarto dos amantes,Various Artists,Album,The Bachata Legends,2011,a5c3c650-1296-44fa-b2d6-194260a4ff90
Amargue condena,Various Artists,Album,The Bachata Legends,2011,70a49291-dda3-4ef6-8dcd-55a2979d1c01
Con ella,Various Artists,Album,The Bachata Legends,2011,f6928aa5-c711-4eef-9327-709752d4a4f2
Siéntate ahí,Various Artists,Album,The Bachata Legends,2011,75afa029-60bd-4791-89c1-fbb1ef16da16
Tírale bajito,Various Artists,Album,The Bachata Legends,2011,774007d8-e192-4b79-bfed-1eac6c496113
Hasta el alma,Monchy & Nathalia,Album,Monchy & Nathalia,2011,fb5aa081-862b-40c0-8f1c-037d0e93f1c6
Los hechos valen más que las palabras,Monchy & Nathalia,Album,Monchy & Nathalia,2011,02077bf6-470a-4206-bdb4-f6bd700c8a44
¿Qué es esto?,Monchy & Nathalia,Album,Monchy & Nathalia,2011,2120dd62-6407-4c55-ae4d-792aabfbdc06
¿Por qué me abandonas así?,Monchy & Nathalia,Album,Monchy & Nathalia,2011,728d18dd-2d44-49e4-8f33-a5ae5e5e8d47
No saber de ti,Monchy & Nathalia,Album,Monchy & Nathalia,2011,3f9de5d0-e645-45d7-b0a2-669cf747732f
Sin principio ni final,Monchy & Nathalia,Album,Monchy & Nathalia,2011,b2b3946c-aa7f-4fec-b028-880779314423
Amor traicionero,Monchy & Nathalia,Album,Monchy & Nathalia,2011,f46d097e-f9b2-47d2-981c-997c18df81ce
Te vas,Monchy & Nathalia,Album,Monchy & Nathalia,2011,b8c4f925-9c30-4ef2-aa90-4fc1c7d58600
Caliente o frío,Monchy & Nathalia,Album,Monchy & Nathalia,2011,37a7422c-9272-4842-86a7-b590401859be
Soy para ti,Monchy & Nathalia,Album,Monchy & Nathalia,2011,695dd7bd-4901-4cfd-a351-51a318a40b93
No saber de ti (pop version),Monchy & Nathalia,Album,Monchy & Nathalia,2011,6298af24-c8cd-4885-b785-b6062279ecfc
Medley de éxitos I,Monchy & Nathalia,Album,Monchy & Nathalia,2011,643a676d-50d2-4ec3-9ffb-30c9676c3998
Medley de éxitos II,Monchy & Nathalia,Album,Monchy & Nathalia,2011,da71007b-64ca-4c4e-86d7-07d9f487b13f
Cuándo volverás,Aventura,Album,14+14,2011,b5d42980-ac7d-44c5-9bf1-92f3f6d4a5d5
Obsesión,Aventura,Album,14+14,2011,fdb657f7-b82e-458e-9fa6-0969d5412c17
Hermanita,Aventura,Album,14+14,2011,0bca0a4d-b671-4f84-b349-a4cc59d195c0
La boda,Aventura,Album,14+14,2011,348ec2d6-9c91-41f1-a59a-9b549a6a1263
Un beso,Aventura,Album,14+14,2011,ab9d1b73-f73b-495f-9b25-e440059fd736
Ella y yo,Aventura,Album,14+14,2011,ad8cce57-4be1-4566-b667-73084343c581
Mi corazoncito,Aventura,Album,14+14,2011,48b29d45-76a7-485f-850b-69392e243048
Los infieles,Aventura,Album,14+14,2011,dba7b46a-1366-4cf9-8a1f-f5cd6df00573
El perdedor,Aventura,Album,14+14,2011,dc61abbf-4607-4570-8c42-ed83adf9761b
Por un segundo,Aventura,Album,14+14,2011,b0fb4189-89f4-4931-acdf-ebe149609f6c
Su veneno (bolero version),Aventura,Album,14+14,2011,c297bd82-cd51-4584-b0bf-a06286728ba3
Su veneno (Trio version),Aventura,Album,14+14,2011,9cfe5680-ae20-4491-bdde-bf1ab8e13785
Dile al amor,Aventura,Album,14+14,2011,175028e0-d258-4127-adf6-ed1a23e4f03e
El malo,Aventura,Album,14+14,2011,699c9621-85cf-4939-a272-8fc463981c61
Corazón sin cara,Prince Royce,Album,#1's,2012,c5ef4286-190f-4295-8719-28132e2fa530
Stand by Me,Prince Royce,Album,#1's,2012,06222880-f263-4911-b666-ee12cd5c5402
Te me vas,Prince Royce,Album,#1's,2012,5e859ca7-878f-45eb-9f08-6541f3cc378a
Las cosas pequeñas,Prince Royce,Album,#1's,2012,d003bb48-23ba-46df-920c-b774644caeb7
Recházame,Prince Royce,Album,#1's,2012,52d8946f-6d58-407d-9b7b-39e029543f8d
El verdadero amor perdona,Prince Royce,Album,#1's,2012,a35575ca-912f-44a0-b11d-2e06e08445b1
Incondicional,Prince Royce,Album,#1's,2012,67006a1a-0b85-4d7f-97eb-8486848109d1
Addicted,Prince Royce,Album,#1's,2012,50df24fa-2c97-41e2-bded-254b244241c2
Mi última carta,Prince Royce,Album,#1's,2012,3527eb26-6136-4e2f-8fae-871298ebedcb
Tú y yo,Prince Royce,Album,#1's,2012,1cc4923b-a032-448f-93e7-6fc4377c4156
El amor que perdimos,Prince Royce,Album,#1's,2012,5ffe7ec5-8cd6-4e9a-a631-92e4434b4bb5
Sabes,Prince Royce,Album,#1's,2012,d5f6f074-4dd5-4617-8456-98f62cfaea1d
Corazón sin cara (Sing-Along),Prince Royce,Album,#1's,2012,9c1c57d6-50e8-4d2b-8b7d-d1d1048ac317
Stand by Me (Sing-Along),Prince Royce,Album,#1's,2012,c09ae4b6-b8b4-4066-8a21-50a42387781f
Las cosas pequeñas (Sing-Along),Prince Royce,Album,#1's,2012,8d6dbcb1-526c-4c0d-82fb-efe2e367c565
Incondicional (Sing-Along),Prince Royce,Album,#1's,2012,e9bcecfe-fbbb-4b5b-af48-fc0c7fa6cbcb
Clave de amor,Grupo Rush,Album,True Love,2012,b1973956-c745-45ae-bf8a-b13bfef0614e
Dos amantes,Grupo Rush,Album,True Love,2012,690ba949-3a7b-4c62-9a51-c6f3bbfdbfb2
El amor más grande del planeta,Grupo Rush,Album,True Love,2012,db979f96-78a9-43d5-a491-e866a7533403
I Just Called (Spanish version),Grupo Rush,Album,True Love,2012,35762797-7cc4-42b0-886b-5c6b6c0f58b8
Amor vampiro,Grupo Rush,Album,True Love,2012,b8b346cb-cc04-4a5b-ae35-f76604023fdb
Soledad,Grupo Rush,Album,True Love,2012,525b1ea8-2315-4671-b741-1cb4a9ce6f44
Porque no soy yo,Grupo Rush,Album,True Love,2012,e89bf863-04de-4f6a-92e4-bc3ad55b9dda
Violencia doméstica,Grupo Rush,Album,True Love,2012,94f26a05-1a01-458b-b794-3f2e9910cc40
Hoy lo que quiero eres tú,Grupo Rush,Album,True Love,2012,bd625b60-90e1-41fc-86ce-a064873bb233
I Just Called (English version),Grupo Rush,Album,True Love,2012,613ffeb8-d204-427c-8248-21c5b1f8fceb
Eres para mí,Grupo Rush,Album,True Love,2012,7d985c05-7d88-4e7c-a655-9f02aa730e79
Todo por tu amor,Grupo Rush,Album,True Love,2012,a495c402-d70f-4da5-a84a-1f1069d783f7
Apaga y vámonos,Juan Luis Guerra 4.40,Album,A son de Guerra tour,2013,b52eab29-9177-4f67-9df0-ad3891043a07
La bilirrubina,Juan Luis Guerra 4.40,Album,A son de Guerra tour,2013,b127e979-1e68-4840-b25f-0c5b157cdaf4
La travesía,Juan Luis Guerra 4.40,Album,A son de Guerra tour,2013,37d51307-82dc-4303-b33d-510e71f77c23
La llave de mi corazón,Juan Luis Guerra 4.40,Album,A son de Guerra tour,2013,a5bee5f4-cbdb-4053-9928-70f00c77a041
Mi bendición,Juan Luis Guerra 4.40,Album,A son de Guerra tour,2013,0b79df18-68fb-4b28-8b3b-9cb5c6219168
La calle,Juan Luis Guerra 4.40,Album,A son de Guerra tour,2013,bb457831-03a1-4fc9-9866-3600044f2ccd
El Niágara en bicicleta,Juan Luis Guerra 4.40,Album,A son de Guerra tour,2013,db5ac4af-43ef-4e24-b53e-c4677566eeba
Visa para un sueño,Juan Luis Guerra 4.40,Album,A son de Guerra tour,2013,2cdf4e16-621f-45f8-8dd5-93dfcc12db44
"Frío, frío",Juan Luis Guerra 4.40,Album,A son de Guerra tour,2013,f77053d2-dba2-48d7-97cf-bdc55b6feb0c
Las avispas,Juan Luis Guerra 4.40,Album,A son de Guerra tour,2013,114785b7-e67e-4a13-b95b-feb3877074a6
Bachata en Fukuoka,Juan Luis Guerra 4.40,Album,A son de Guerra tour,2013,b467e4a4-8fec-4ab8-9374-cbd0fbeec85d
La guagua,Juan Luis Guerra 4.40,Album,A son de Guerra tour,2013,ce19926e-6b21-457a-97c5-5f756d576daa
En el cielo no hay hospital,Juan Luis Guerra 4.40,Album,A son de Guerra tour,2013,bef8402f-bdba-4407-a590-b1027c0510fc
Ojalá que llueva café,Juan Luis Guerra 4.40,Album,A son de Guerra tour,2013,c5c40b6c-bc5a-4706-8abb-5c6600332f1d
Mi corazoncito,Aventura,Album,Sólo para mujeres,2014,48b29d45-76a7-485f-850b-69392e243048
Los infieles,Aventura,Album,Sólo para mujeres,2014,dba7b46a-1366-4cf9-8a1f-f5cd6df00573
Obsesión,Aventura,Album,Sólo para mujeres,2014,fdb657f7-b82e-458e-9fa6-0969d5412c17
Cuando volverás,Aventura,Album,Sólo para mujeres,2014,b5d42980-ac7d-44c5-9bf1-92f3f6d4a5d5
I believe (Yo creo),Aventura,Album,Sólo para mujeres,2014,5a8063b2-08fd-43a2-8c2b-cc65bb48e72b
Peligro,Aventura,Album,Sólo para mujeres,2014,58297c7c-c215-40c1-9be7-8253ea099116
Angelito,Aventura,Album,Sólo para mujeres,2014,f8be332b-2e5b-42e7-9784-d6d88fd89ff6
La película,Aventura,Album,Sólo para mujeres,2014,67645643-1e44-4ea6-acd9-9380faf0b716
Si me dejas muero,Aventura,Album,Sólo para mujeres,2014,a51a0ac7-aae8-4af7-98d2-08c164469ad0
Por un segundo,Aventura,Album,Sólo para mujeres,2014,b0fb4189-89f4-4931-acdf-ebe149609f6c
Yo quisiera amarla,Aventura,Album,Sólo para mujeres,2014,9e7153f6-4751-44e2-a50d-cc25bfe40731
Dile al amor,Aventura,Album,Sólo para mujeres,2014,175028e0-d258-4127-adf6-ed1a23e4f03e
La boda,Aventura,Album,Sólo para mujeres,2014,348ec2d6-9c91-41f1-a59a-9b549a6a1263
Un beso,Aventura,Album,Sólo para mujeres,2014,ab9d1b73-f73b-495f-9b25-e440059fd736
Una noche más,Charlie Zaa,Album,Mi mejor regalo,2015,9611bfc6-5373-4e16-ba84-2c003181de71
Tú y yo,Charlie Zaa,Album,Mi mejor regalo,2015,91819ba8-2826-41cd-98f9-0c15f3c758de
Un idiota,Charlie Zaa,Album,Mi mejor regalo,2015,d2c26048-eab3-437e-822a-df87b291cdcc
Rumores,Charlie Zaa,Album,Mi mejor regalo,2015,bf31b53d-638d-428b-b195-9b8b3674d546
Llorar,Charlie Zaa,Album,Mi mejor regalo,2015,718b3d17-1425-4346-a4cc-1bae54ab8853
Hasta que amanezca,Charlie Zaa,Album,Mi mejor regalo,2015,91023347-6a67-4898-a647-5dd1cf407180
Me gustas,Charlie Zaa,Album,Mi mejor regalo,2015,fdf21658-17d4-4c8e-952b-26c83bdda400
25 rosas,Charlie Zaa,Album,Mi mejor regalo,2015,4e46e27b-e08f-4cc3-9e1c-e3bf5d7507fc
Secreto de amor,Charlie Zaa,Album,Mi mejor regalo,2015,0749d9d1-7a1d-402c-8122-1faef8a58474
Mascarada,Charlie Zaa,Album,Mi mejor regalo,2015,da876cfd-5602-475d-a937-206d66f6782d
Obsesión,Aventura,Album,Todavía me amas: Lo mejor de Aventura,2016,fdb657f7-b82e-458e-9fa6-0969d5412c17
El perdedor,Aventura,Album,Todavía me amas: Lo mejor de Aventura,2016,dc61abbf-4607-4570-8c42-ed83adf9761b
Dile al amor,Aventura,Album,Todavía me amas: Lo mejor de Aventura,2016,175028e0-d258-4127-adf6-ed1a23e4f03e
Ella y yo,Aventura,Album,Todavía me amas: Lo mejor de Aventura,2016,ad8cce57-4be1-4566-b667-73084343c581
Todavía me amas,Aventura,Album,Todavía me amas: Lo mejor de Aventura,2016,c8aa2574-8634-47e8-bf8c-539755590d49
Su veneno,Aventura,Album,Todavía me amas: Lo mejor de Aventura,2016,9cfe5680-ae20-4491-bdde-bf1ab8e13785
Los infieles,Aventura,Album,Todavía me amas: Lo mejor de Aventura,2016,dba7b46a-1366-4cf9-8a1f-f5cd6df00573
El malo,Aventura,Album,Todavía me amas: Lo mejor de Aventura,2016,699c9621-85cf-4939-a272-8fc463981c61
Un beso,Aventura,Album,Todavía me amas: Lo mejor de Aventura,2016,ab9d1b73-f73b-495f-9b25-e440059fd736
Por un segundo,Aventura,Album,Todavía me amas: Lo mejor de Aventura,2016,b0fb4189-89f4-4931-acdf-ebe149609f6c
Enséñame a olvidar,Aventura,Album,Todavía me amas: Lo mejor de Aventura,2016,aaeb9e32-5d94-4448-97de-d75e6b4a4166
Mi niña cambió,Aventura,Album,Todavía me amas: Lo mejor de Aventura,2016,8a58dcdc-470e-434b-b699-98fec68b87b4
Amor de madre,Aventura,Album,Todavía me amas: Lo mejor de Aventura,2016,e99ce59d-a0ff-4a0c-ac56-5d24e7d17d72
Cuándo volverás,Aventura,Album,Todavía me amas: Lo mejor de Aventura,2016,b5d42980-ac7d-44c5-9bf1-92f3f6d4a5d5
Hermanita,Aventura,Album,Todavía me amas: Lo mejor de Aventura,2016,0bca0a4d-b671-4f84-b349-a4cc59d195c0
La boda,Aventura,Album,Todavía me amas: Lo mejor de Aventura,2016,348ec2d6-9c91-41f1-a59a-9b549a6a1263
Llorar,Aventura,Album,Todavía me amas: Lo mejor de Aventura,2016,19eb8802-b9c3-42be-b9d2-e10b1510000b
Yo quisiera amarla,Aventura,Album,Todavía me amas: Lo mejor de Aventura,2016,9e7153f6-4751-44e2-a50d-cc25bfe40731
Mi corazoncito,Aventura,Album,Todavía me amas: Lo mejor de Aventura,2016,48b29d45-76a7-485f-850b-69392e243048
Te invito,Aventura,Album,Todavía me amas: Lo mejor de Aventura,2016,481eb08d-acc9-4b84-9ec2-32add31c87a0
Angelito,Aventura,Album,Todavía me amas: Lo mejor de Aventura,2016,f8be332b-2e5b-42e7-9784-d6d88fd89ff6
Lágrimas (live),Aventura,Album,Todavía me amas: Lo mejor de Aventura,2016,a535acf9-3392-4c12-b548-a243dd818d92
Me voy (live),Aventura,Album,Todavía me amas: Lo mejor de Aventura,2016,2a5a1c18-43fe-4981-aa60-5fa2fa136931
A New Year (Skit),Toby Love,Album,Bachata Nation,2016,0111242e-3041-401c-9efd-8246efdc42a0
We Never Looking Back,Toby Love,Album,Bachata Nation,2016,4747bccb-58b9-444f-80a5-4783a64c81b9
El aire que respiro,Toby Love,Album,Bachata Nation,2016,8fed8af0-0071-4cd3-ac92-67183b0d27c0
No hay colores,Toby Love,Album,Bachata Nation,2016,a8eb35d6-08d1-4e83-a4ab-0ee007e8747e
I Just Called,Toby Love,Album,Bachata Nation,2016,5d6a2b36-0354-41fc-bfdf-096e86fa2a85
Love Airlines (Skit),Toby Love,Album,Bachata Nation,2016,afe1227e-769e-403b-b148-cc5f09c7f612
Mi verano Love,Toby Love,Album,Bachata Nation,2016,27ad12b1-953b-4055-bc51-9aad50cf8cf5
Vestida de blanco,Toby Love,Album,Bachata Nation,2016,c582b337-5e01-48e7-b778-69cd40eb3812
Amaneciendo,Toby Love,Album,Bachata Nation,2016,33baa83c-0320-42d0-a46d-ecd1e24d9384
Loquito,Toby Love,Album,Bachata Nation,2016,42485a57-44d3-4ec8-a0d3-fbdcea352fac
Abrakadabra,Toby Love,Album,Bachata Nation,2016,b6218d08-7fe3-49ff-9d6a-621f425d9466
No le eches la culpa,Toby Love,Album,Bachata Nation,2016,a0b4f011-75d6-40ba-b700-a9466e508a9e
Entra en mi vida,Toby Love,Album,Bachata Nation,2016,68512317-368f-43a3-8d9f-2c8ac95b788c
Faith (Interlude),Toby Love,Album,Bachata Nation,2016,9d3a310a-4ea7-488a-bda8-ac743b4dc3ff
Ella es,Toby Love,Album,Bachata Nation,2016,4262264c-9c38-4310-8fb8-1eba036812d8
Soñando,Toby Love,Album,Bachata Nation,2016,df1569e6-5b31-4e25-a418-eab3eb957910
Una copa dos mujeres,Toby Love,Album,Bachata Nation,2016,306bfad8-6b7b-4bc7-8a1d-0bb38da3bf06
Golden Intro,Romeo Santos,Album,Golden,2017,434b1de4-845b-4a7c-891b-44fcf0dbbbb9
Tuyo,Romeo Santos,Album,Golden,2017,e586da75-a266-4889-b372-2d060031a002
Perjurio,Romeo Santos,Album,Golden,2017,c7c3dc34-0957-41fd-9d80-b489d7833126
Premio,Romeo Santos,Album,Golden,2017,46eb069c-8202-46ad-a354-4e49364ecde7
Carmín,Romeo Santos,Album,Golden,2017,860c3526-f031-4b56-900b-a69d41b1ccd5
Centavito,Romeo Santos,Album,Golden,2017,5fef7cb0-2ef5-464a-bf18-6810ce4020a1
Sobredosis,Romeo Santos,Album,Golden,2017,81381508-3180-43e1-bccd-ec87b49a0876
"El papel, pt. 1 (versión amante)",Romeo Santos,Album,Golden,2017,f0eaa1d8-ef58-480f-9453-063812be1187
"El papel, pt. 2 (versión marido)",Romeo Santos,Album,Golden,2017,b4efef6d-7741-45eb-b195-0faf08f30e63
Bella y sensual,Romeo Santos,Album,Golden,2017,ccdcdbe0-c69c-442f-8b38-405469835b91
Doble filo,Romeo Santos,Album,Golden,2017,fa5d7560-572d-4069-92c2-13b6f6e60229
Ay bendito,Romeo Santos,Album,Golden,2017,cc6f43ba-0067-46e6-ab25-e9a08961990c
Héroe favorito,Romeo Santos,Album,Golden,2017,511c0167-fc23-48f7-a4bb-ca732fb67981
El amigo,Romeo Santos,Album,Golden,2017,9bdc7090-efc7-400a-ab19-61e25d62735e
Reina de papi,Romeo Santos,Album,Golden,2017,1b63f927-e246-48ab-a0c2-9aac5b906665
Imitadora,Romeo Santos,Album,Golden,2017,9fe08b42-f81f-4f35-930c-dbf8588890d1
Un vuelo a LA,Romeo Santos,Album,Golden,2017,18f7be59-c7de-41f5-bd68-b633499f0874
Sin filtro,Romeo Santos,Album,Golden,2017,c2526420-f69a-4ddb-961a-c1bdd4d261be
Guagua de la 53.,Marino Perez,Album,Pura bachata,2017,bf55d9e2-e630-4387-a70f-d92da775f0b2
La alabanciosa,Marino Perez,Album,Pura bachata,2017,18a1ab43-7370-4f20-ba92-9d3b24e6f351
La mujer que me comprende,Marino Perez,Album,Pura bachata,2017,23f7f576-cc6a-4d60-991d-ffa85890bb86
La esperare bebiendo,Marino Perez,Album,Pura bachata,2017,2140a609-5ee8-4a6d-906e-313c2f1394e1
No la quiero ver con otro,Marino Perez,Album,Pura bachata,2017,ea2a4750-32a3-42e3-8c37-6b4d97d014c7
Navidad con mi gente,Marino Perez,Album,Pura bachata,2017,076a94eb-2c69-43c7-ad61-5c47f88e6d4f
Por andar de parrandera,Marino Perez,Album,Pura bachata,2017,dc15f33f-8831-45f9-88fa-7268320e4971
Pena y sentimiento,Marino Perez,Album,Pura bachata,2017,119ed905-cb12-440e-b1e6-daebe82c8137
Por mi madre que yo no fui,Marino Perez,Album,Pura bachata,2017,8a9d5191-8003-41af-8960-c1623da0d789
Sigueme,Marino Perez,Album,Pura bachata,2017,e3f11eb3-28af-4a0c-9dcf-89c6d2a9d691
Vine a buscarte morena,Marino Perez,Album,Pura bachata,2017,7fe4b647-96f6-4087-862a-8f0ec5c0a251
Yo no puedo mas,Marino Perez,Album,Pura bachata,2017,02d8c1b2-fd1d-42d0-99d9-8f18b6fc7c11
Yo que si tu que no,Marino Perez,Album,Pura bachata,2017,45e12156-27e3-49c7-9a77-6ddda0db61e7
Dámelo ahora,Joan Soriano,Album,Pasión y vida,2019,fa497c92-b9dd-4677-802a-08869cb26f8e
The Tide Is High,Joan Soriano,Album,Pasión y vida,2019,1091390a-d316-4024-9c01-0fb44d09e879
Tu te robaste mi corazón,Joan Soriano,Album,Pasión y vida,2019,0e44d23c-4c70-4d7a-8fc8-b5475f2480e4
Murió la flor,Joan Soriano,Album,Pasión y vida,2019,72dfb2b1-4ee3-472c-9557-b205ee080bfc
Ay dios mío,Joan Soriano,Album,Pasión y vida,2019,9ea634ba-9579-49f6-8597-a99be526502c
Déjenme llorar,Joan Soriano,Album,Pasión y vida,2019,1839cf4e-a883-4e25-a59a-33d5eeb193cd
Que ganaste con eso?,Joan Soriano,Album,Pasión y vida,2019,2363890c-a154-4ce1-9be2-db4c52d90863
El engaño,Joan Soriano,Album,Pasión y vida,2019,7519f331-e9a6-488b-99ad-53614cade2fc
La culpable eres tu,Joan Soriano,Album,Pasión y vida,2019,0ef10120-de4a-43fc-88eb-a01fb57d27a9
Me gusta tu forma de ser,Joan Soriano,Album,Pasión y vida,2019,0a0abf37-f6ef-46f7-a8ee-f6456bc7ca7e
Intro: Soy dominicano,Romeo Santos,Album,Utopía,2019,0f74377e-ff31-4b12-a260-a304ef1ecf5b
Canalla,Romeo Santos,Album,Utopía,2019,aa3030db-e781-4b1d-8379-eac3d2fb6699
Payasos,Romeo Santos,Album,Utopía,2019,3cacbcd1-8f65-41a2-8fc8-2443f2195fdb
La demanda,Romeo Santos,Album,Utopía,2019,00406e6c-2f2a-4d0f-8b35-86dbdf920677
Millonario,Romeo Santos,Album,Utopía,2019,c21b6b2d-89e1-4c57-9a2e-872e6eb44660
El beso que no le di,Romeo Santos,Album,Utopía,2019,a5f8bf1f-1fe9-40c0-bd29-5b1def50ff09
Ileso,Romeo Santos,Album,Utopía,2019,a6c4fbb5-f8ef-4d40-823a-1a47ae671ca4
Amor enterrado,Romeo Santos,Album,Utopía,2019,6361201a-e3cb-469e-b6c0-4b2bc2e1c938
Me quedo,Romeo Santos,Album,Utopía,2019,2127121f-16a3-4efc-b05b-1ab71d01597b
Los últimos,Romeo Santos,Album,Utopía,2019,d6a65767-5552-4ea0-ae1f-08315e4a0a8f
Años luz,Romeo Santos,Album,Utopía,2019,3cccce6f-0450-4f09-9866-92517cc41065
Bellas,Romeo Santos,Album,Utopía,2019,f98e050f-4653-4b21-9968-7dfffe539a00
Inmortal,Romeo Santos,Album,Utopía,2019,8dc096db-b92b-4606-a7f9-60a54c43b917
Eres mujer,Esme,Album,iluso,2019,031ed712-14a9-4d89-a36a-9f1151ea9e21
La primera vez,Esme,Album,iluso,2019,aa6d6998-bed5-4380-a33e-c9b3564c9717
Bestia salvaje,Esme,Album,iluso,2019,48ac4c2f-8fea-4228-ba39-aedd2ddfb90b
Amantes,Esme,Album,iluso,2019,1df13a2e-acc9-4455-a407-2806de3f00a8
Perteneces a nadie,Esme,Album,iluso,2019,307c71b4-3d82-43c6-a266-2ec45e0f0c81
Tus amigas,Esme,Album,iluso,2019,ac797022-b842-4105-a932-d4bc35f20fac
Menores,Esme,Album,iluso,2019,30aa3371-4b70-4f65-b3c1-a171907f789b
Una aventura,Esme,Album,iluso,2019,71fa0c1e-7add-41ba-9220-adbad8f78e11
El mismo infeliz,Esme,Album,iluso,2019,2bae44b2-3288-4e52-af6a-bb58123fa55c
Soy aquel,Esme,Album,iluso,2019,1a44c53e-588e-48b4-8474-daa9a1af41eb
Romances,Esme,Album,iluso,2019,d27414d6-9f68-4f69-a084-54c8ec0d5e31
You Are the One,Esme,Album,iluso,2019,4d21322c-25df-4193-a792-855613239f6a
De virgen a mujer,Esme,Album,iluso,2019,ea5d65c6-1e35-456f-a2ae-37503efedb31
A Lot to Love Me,Esme,Album,iluso,2019,619e3f82-54fa-4d54-9705-9d94c0929014
El diablo en ti,Esme,Album,iluso,2019,158c2bb2-d45b-4d9e-a64f-0de6121c4f3f
Como Mirante,Manny Rod,Album,Bachata Hits,2020,0fbf2c49-cc0f-425b-aece-7b92d2bc62db
Saciemos Las Ganas,Manny Rod,Album,Bachata Hits,2020,c7b55994-324a-4174-8670-161535379783
Que va,Manny Rod,Album,Bachata Hits,2020,be07bce0-c2bd-49d0-941a-4e943350c68c
Te Guesta El Reggaeton,Manny Rod,Album,Bachata Hits,2020,b8dde376-4eb4-447b-988f-b5a4e1306a01
El Guion,Manny Rod,Album,Bachata Hits,2020,6e519674-ba99-401a-80b0-f13866462207
Mundo Sin Ti,Manny Rod,Album,Bachata Hits,2020,fe4b4689-5823-4909-b809-b55d4db2b7f0
Voy a Beber,Manny Rod,Album,Bachata Hits,2020,ec4baa81-d3d9-4c8f-9cf7-490678330c40
Lonely,Manny Rod,Album,Bachata Hits,2020,8ef743cb-be16-443d-9055-7269b08c784f
Quireme,Manny Rod,Album,Bachata Hits,2020,ba792f41-d71b-4b25-acd2-d9f77aefd739
Ay Mama,Manny Rod,Album,Bachata Hits,2020,289ddbb0-8226-416c-b9de-432eae149c1e
Donna,Manny Rod,Album,Bachata Hits,2020,0111906e-e006-4ba6-9845-2a2b966805fe
Mejor Sin Ti,Manny Rod,Album,Bachata Hits,2020,b410f325-2326-4c69-800c-c533482d28af
Mi Verdad,Manny Rod,Album,Bachata Hits,2020,ea7d6ff8-58b6-42aa-b858-dbe5f333dd08
Reflejo,Manny Rod,Album,Bachata Hits,2020,f227abec-b58d-4b07-9970-23983e79faeb
Como va a ser,Pinto Picasso,EP,Bleu,2020,ca8b4ac9-12d7-4536-9498-9a6f0d7803da
Paris,Pinto Picasso,EP,Bleu,2020,d7791a23-6c4e-43af-a7f3-31d93bc0e300
Know You No More,Pinto Picasso,EP,Bleu,2020,b169747e-e4ae-4714-b551-96dd604bf0af
Lucky,Pinto Picasso,EP,Bleu,2020,ab2de7bf-6494-4b84-8021-fc642b70e4d8
Señal,Pinto Picasso,EP,Bleu,2020,58cd8f6c-92d7-4c39-9803-b3d94b7cb6bf
Dominicano soy,Romeo Santos,Album,Utopía Live From MetLife Stadium,2021,aa77be6e-97ae-45ff-aab7-1a8d30944c32
Ileso,Romeo Santos,Album,Utopía Live From MetLife Stadium,2021,6123314d-9e41-4ffc-9d46-679b39410e79
La diabla,Romeo Santos,Album,Utopía Live From MetLife Stadium,2021,f0258d3b-de70-40d6-a22c-8da79151b5f6
Amigo,Romeo Santos,Album,Utopía Live From MetLife Stadium,2021,5e6e089c-1cd1-4186-9619-c1780d5bdbf6
Eres mía,Romeo Santos,Album,Utopía Live From MetLife Stadium,2021,bfb025c7-b0f1-45db-94a2-cdbced640376
Imitadora,Romeo Santos,Album,Utopía Live From MetLife Stadium,2021,5351b977-c61c-4bb7-a3a7-98aeacc3f3fd
Amor enterrado,Romeo Santos,Album,Utopía Live From MetLife Stadium,2021,eba825b6-6f09-441f-a239-5d4b3f297b6e
Millonario,Romeo Santos,Album,Utopía Live From MetLife Stadium,2021,f140b9bf-6ccd-416e-8778-6053ec1a2451
Perjurio,Romeo Santos,Album,Utopía Live From MetLife Stadium,2021,17349152-c699-41e0-afe1-518888c0191d
Llévame contigo,Romeo Santos,Album,Utopía Live From MetLife Stadium,2021,8ffa6113-1065-4976-9619-b91ae4f7082a
O ex da sua vida,Gusttavo Lima,Album,Buteco in Boston,2021,b620e02f-e829-488a-a449-fa8c0f88a329
Nota de repúdio,Gusttavo Lima,Album,Buteco in Boston,2021,7610c812-ff27-4bff-ab1a-c7f0e46926a9
Bloqueado,Gusttavo Lima,Album,Buteco in Boston,2021,a9b7414e-4c04-4327-a01d-4b63ccde908b
Quebrando protocolo,Gusttavo Lima,Album,Buteco in Boston,2021,3333e494-71f8-49c5-bd2f-a99ff43e76f2
Não me arranha,Gusttavo Lima,Album,Buteco in Boston,2021,94b32bb8-8607-4504-80f0-d8b543ee4f3a
Inventor dos amores,Gusttavo Lima,Album,Buteco in Boston,2021,7e089386-a8a8-456f-a267-5683fdb0dc64
Eu tava lá,Gusttavo Lima,Album,Buteco in Boston,2021,31dde2b2-dc8d-4ada-8914-c0413f404266
I Love You Baby,Gusttavo Lima,Album,Buteco in Boston,2021,12e3df00-789a-49e7-90eb-dfd0f6b6edfb
Lado emocional,Gusttavo Lima,Album,Buteco in Boston,2021,e039cd0a-e73e-49af-8b9c-41502db0c9d5
Ficha limpa,Gusttavo Lima,Album,Buteco in Boston,2021,33c40fb1-899a-489b-ab28-c05879dbf338
Declaração de amor,Gusttavo Lima,Album,Buteco in Boston,2021,f17aa12a-41ee-4a84-82ef-b9da03f0a1c8
Veneno,Gusttavo Lima,Album,Buteco in Boston,2021,1219f857-9c99-49ce-8e48-4b1bfc23d6c6
Em qualquer lugar,Gusttavo Lima,Album,Buteco in Boston,2021,b4fc97fc-95cf-4ae8-bf0b-bc83582667e9
Se,Gusttavo Lima,Album,Buteco in Boston,2021,9383f429-649a-4a80-96d5-07bc1597b9e7
Larga essa rua,Gusttavo Lima,Album,Buteco in Boston,2021,db4e0a47-34a7-4e4e-920b-42472dfccce9
Pendência,Gusttavo Lima,Album,Buteco in Boston,2021,e46b1c06-7c35-4fdd-8852-c721d0c313ea
Prefiro nem saber,Gusttavo Lima,Album,Buteco in Boston,2021,798bb9ef-1bb6-4661-86ac-7fecf5b5fb48
Teste de farmácia,Gusttavo Lima,Album,Buteco in Boston,2021,694a783e-d7e2-4467-abc0-4a289c53bfa3
Tempo de beber,Gusttavo Lima,Album,Buteco in Boston,2021,05d3d0ad-6aef-4197-82b5-69ded959eaca
Te amo cada vez mais (To Love You More),Gusttavo Lima,Album,Buteco in Boston,2021,d6ad9b52-1873-4778-bf06-3af50b11347c
Aquí no me quedo,Joan Soriano,Album,Sufriendo por ella,2022,8c4d585b-bd44-4eff-b10b-b9879f56ba9b
No me vuelvo a enamorar,Joan Soriano,Album,Sufriendo por ella,2022,fe961c16-f7fb-4929-9501-569ec47cd496
Amor con amor se paga,Joan Soriano,Album,Sufriendo por ella,2022,85e178f2-d01f-4d80-86ff-36bbc3995b56
Sufriendo por ella,Joan Soriano,Album,Sufriendo por ella,2022,7a443e17-b026-4b50-a52a-ecc5c9b9ba54
Quisiera ser,Joan Soriano,Album,Sufriendo por ella,2022,8ae2d989-7a1b-4fcf-8d67-5b4799f9f60a
La traición,Joan Soriano,Album,Sufriendo por ella,2022,12953615-55d0-4e61-b652-618cc0dc5a1b
7 potencias,Joan Soriano,Album,Sufriendo por ella,2022,251b3eec-291d-404f-b026-e44a4b4045ed
Y llore y llore,Joan Soriano,Album,Sufriendo por ella,2022,42f1e61f-f4b2-4ee9-9aae-e674aea45301
Eres un teatro,Joan Soriano,Album,Sufriendo por ella,2022,886cf032-e582-4855-966f-7ea0b2758e92
Ya no,Joan Soriano,Album,Sufriendo por ella,2022,28448965-c9f1-4b7c-b185-8866269913ec
Yo volveré,Joan Soriano,Album,Sufriendo por ella,2022,ae17bba3-968c-4fd7-b0b1-cfd6e1045c55
Intro,Romeo Santos,Album,"Fórmula, vol. 3",2022,fcf5da3d-72d7-4313-9fb5-5fed054fb804
Bebo,Romeo Santos,Album,"Fórmula, vol. 3",2022,3641df13-45e2-414b-a57d-dae8709c8368
Ayúdame,Romeo Santos,Album,"Fórmula, vol. 3",2022,6e816700-b942-4eea-92c1-70b3bef7b0a8
Boomerang,Romeo Santos,Album,"Fórmula, vol. 3",2022,fa31bffd-322e-4c6b-90a2-96c0154fa859
Sexo con ropa,Romeo Santos,Album,"Fórmula, vol. 3",2022,0cd9b516-2a67-4f1f-ba4b-fecb4030f6fb
Ciudadana,Romeo Santos,Album,"Fórmula, vol. 3",2022,9c39ea83-7d22-4861-bf3c-2069b4f5d232
Mar,Romeo Santos,Album,"Fórmula, vol. 3",2022,3fa48827-b4c9-4ec7-80f5-decd6dcba35e
El pañuelo,Romeo Santos,Album,"Fórmula, vol. 3",2022,e6ada9ee-7f57-4d89-98eb-dcb50a410c1b
"15,500 noches",Romeo Santos,Album,"Fórmula, vol. 3",2022,cd64400e-8586-452e-a940-cee1e8027459
Perro,Romeo Santos,Album,"Fórmula, vol. 3",2022,3a430cd7-e34d-409a-93fb-80b255588a57
Sin fin,Romeo Santos,Album,"Fórmula, vol. 3",2022,0b534ad6-4238-48e5-8610-8773be7bc965
Solo conmigo,Romeo Santos,Album,"Fórmula, vol. 3",2022,189eec96-2d18-4ffe-988c-22e849f00f31
Sus huellas,Romeo Santos,Album,"Fórmula, vol. 3",2022,b9a331ed-1d5f-4668-a812-ee9d1c4b05c2
SIRI,Romeo Santos,Album,"Fórmula, vol. 3",2022,cebc8cc7-284c-432e-8ac4-a38200132f5f
Skit (Wth a Special Character),Romeo Santos,Album,"Fórmula, vol. 3",2022,6449cc71-fe98-4d90-9f96-dc02e8eae92a
Me extraño,Romeo Santos,Album,"Fórmula, vol. 3",2022,cbbb3ab9-34d2-449c-b561-6869a72bbeaf
Suegra,Romeo Santos,Album,"Fórmula, vol. 3",2022,70184ed8-a6d5-46c0-be4a-ad6c8be26c62
Culpable,Romeo Santos,Album,"Fórmula, vol. 3",2022,512bf8e2-b7b2-45dd-94d7-8ae08c62ecd1
R.I.P.,Romeo Santos,Album,"Fórmula, vol. 3",2022,8143b95a-cad2-471e-b1bc-572aaaf2b4ef
La última vez,Romeo Santos,Album,"Fórmula, vol. 3",2022,2c79de33-0c67-4f04-9bfe-2aedbc766c89
Nirvana,Romeo Santos,Album,"Fórmula, vol. 3",2022,17f8f5d7-ee3c-4827-8b78-7fc1dd2b88c4
El Dilema,Lean & Akai,EP,Hypernova,2023,061fc949-a616-4088-a984-aa91fbd31f39
Para Besarte,Lean & Akai,EP,Hypernova,2023,fa6e0c68-2a22-4534-8493-fea2269b288e
Mi Despedida,Lean & Akai,EP,Hypernova,2023,00dbed7a-9dab-4cef-8f54-173dc2468f7b
Mi Estrella,Lean & Akai,EP,Hypernova,2023,a9dbc75f-1e59-44ca-89d1-d563421ccf92
Bella,Jiory,Album,Ultra instinto,2024,37a78482-6d31-4965-be60-4e668f07f03b
Debe ser,Jiory,Album,Ultra instinto,2024,d93ecb2a-8260-48a6-a2c1-da20e2bf0c71
Dos extraños,Jiory,Album,Ultra instinto,2024,4a473101-b112-4688-9248-f9123c56ff6d
Esclavo de tus besos,Jiory,Album,Ultra instinto,2024,bbc634d3-15da-42f3-95bc-b1896f175895
Frizado,Jiory,Album,Ultra instinto,2024,a03208af-c34c-4dc0-8258-9aa1500d2064
Hombre no muere de pena,Jiory,Album,Ultra instinto,2024,f89c4a6f-549f-4c46-9174-7131ef00b509
La nota,Jiory,Album,Ultra instinto,2024,ddd26b57-3259-4c6f-a807-36560cb2d8d6
Luna,Jiory,Album,Ultra instinto,2024,bd7260d5-ab5b-40b6-82c2-15f6aa8bad8f
No se enamora,Jiory,Album,Ultra instinto,2024,c8b64d6f-195d-419c-8c23-8e1bf700b314
Obvio,Jiory,Album,Ultra instinto,2024,b06963db-006a-4d59-ad6f-d5511caee14a
Tu sin mi,Jiory,Album,Ultra instinto,2024,3a0b1cb9-6e21-4594-a24f-019b3965ea9f
Ojos azules,Jiory,Album,Ultra instinto,2024,970c9fc9-8fc0-4f87-93ed-9dbb45ac926c
Ya no te quiero,Jiory,Album,Ultra instinto,2024,41976a2d-4194-4554-acc3-3a02086813bf
Ojos de miel,Jiory,Album,Ultra instinto,2024,17e2fdf6-50cb-463e-b9d5-99aefdfb7d19
Dancing in the Moonlight,Prince Royce,Album,ETERNO,2025,925c50c0-d9bb-4908-be23-3f7c4c2f6afc
How Deep Is Your Love,Prince Royce,Album,ETERNO,2025,7a4fb997-8f10-46b8-8183-1a911d8dec54
Stuck On You,Prince Royce,Album,ETERNO,2025,e2c54325-018d-48f7-a508-681c5456559a
Right Here Waiting,Prince Royce,Album,ETERNO,2025,34942fcf-6603-47c2-94cc-e66d87b8be9f
Can’t Help Falling in Love,Prince Royce,Album,ETERNO,2025,3338091f-8776-41df-b76f-2fb6db4b5fd1
All Out of Love,Prince Royce,Album,ETERNO,2025,5cc6ea79-d350-4d62-90b7-664151193ffb
If Only for One Night,Prince Royce,Album,ETERNO,2025,a2673eaf-b508-4b63-95a7-936fe7caeab3
Yesterday,Prince Royce,Album,ETERNO,2025,e928cd90-d74c-4095-b466-ae1c190bc63b
I Want It That Way,Prince Royce,Album,ETERNO,2025,0e25032e-c4d9-4691-86ac-2410515553fd
My Girl,Prince Royce,Album,ETERNO,2025,6880a063-0c6e-44de-9d28-047d03dd58b1
Killing Me Softly,Prince Royce,Album,ETERNO,2025,9d3e2b90-ef4e-4111-83f0-f8dde2f61601
I Just Called to Say I Love You,Prince Royce,Album,ETERNO,2025,d296c404-8e85-4638-9c3d-880d08016fc3
Go Your Own Way,Prince Royce,Album,ETERNO,2025,59e12120-777f-4b3e-b5a0-4b3982cbd8d6
Eternidad,Esme,Album,Game Over (On The Run),2025,44edcfc9-62ff-4155-9fb6-ed2818862955
Devuélveme el aire,Esme,Album,Game Over (On The Run),2025,14d5ff90-c983-493a-ac1b-cbfe3deca0c5
Seras tu?,Esme,Album,Game Over (On The Run),2025,280577ef-1907-495a-9ae7-2d3c397de477
Otra vida,Esme,Album,Game Over (On The Run),2025,d8c60f1d-1919-4e6f-b19c-98263e140760
Maestria en bachatera,Esme,Album,Game Over (On The Run),2025,175dcc94-868f-43d9-b3df-beafe437b268
ACHU!,Esme,Album,Game Over (On The Run),2025,a6200d82-554c-4b4e-8bdc-bad0bf3c4a10
Materialista,Esme,Album,Game Over (On The Run),2025,a8e2c950-af1d-42fb-8778-8effab3e73ff
El vestido,Esme,Album,Game Over (On The Run),2025,953913dd-203e-4abb-b746-46a72e0d1274
Borra cassette,Esme,Album,Game Over (On The Run),2025,a184bc81-d5a1-4690-af9f-fa8db42d30b2
PaPi Pa,Esme,Album,Game Over (On The Run),2025,5e376cc8-2b62-4f5a-b887-f5f629fbb2cf
Better Late Than Never,Romeo Santos,Album,Better Late Than Never,2025,c1ace5f2-2f16-4255-8fae-3428b1854fcc
Estocolmo,Romeo Santos,Album,Better Late Than Never,2025,29d6f295-1caa-4c17-beec-8c23ae355137
Lokita Por Mí,Romeo Santos,Album,Better Late Than Never,2025,43af95f9-ae0a-44ab-8499-5b0bf3f68cac
Jezabel,Romeo Santos,Album,Better Late Than Never,2025,e517cfe5-5f94-4ec8-a267-a1f9a653311e
Dardos,Romeo Santos,Album,Better Late Than Never,2025,6ac35e3b-5509-4aca-a2aa-7209853c5ef0
La Amaré,Romeo Santos,Album,Better Late Than Never,2025,705d8a45-2032-4e42-bebd-cbd05a6c7179
Celeste,Romeo Santos,Album,Better Late Than Never,2025,ff6c2819-4af9-4b57-b9a6-b480af03cdcc
Ay! San Miguel,Romeo Santos,Album,Better Late Than Never,2025,370469db-1b43-4d65-b88c-14fcc909219c
Encerrados,Romeo Santos,Album,Better Late Than Never,2025,31205514-61d2-4256-ab02-49ff0e1a5103
Menor,Romeo Santos,Album,Better Late Than Never,2025,f109f034-c7ff-4a59-9292-b29639188a3d
Blanca Nieves,Romeo Santos,Album,Better Late Than Never,2025,57dca7f5-7cde-4758-90c7-08ff9ce49eab
Mi Plan,Romeo Santos,Album,Better Late Than Never,2025,d3f349ec-2ff0-45cf-95ee-288d85f459b6
La Última Bachata,Romeo Santos,Album,Better Late Than Never,2025,3832c0cf-a9e5-4bd9-9b81-f59c9069fdb8
