titulo,tipo,artista,fecha-lanzamiento,generos
Peinando los 50,Single,Bicho Raro,2023-01-06,"cumbia, cumbia villera, cumbia argentina"
¡Sonido Amazonico!,Album,Chicha Libre,2008-03-25,cumbia
Solo,Album,Mario Luis,2007,cumbia
Una lluvia de rosas,Album,Los Ángeles Azules,2001-06-26,cumbia
Doo Wop (That Thing) / Entre rejas,Single,Quantic,2013-08-12,cumbia
Viernes cultural,Album,Los Ángeles Azules,2014-11-04,cumbia
A Guide to the Birdsong of South America,Album,Various Artists,2015-03-03,cumbia
Moontribe,Album,Moontribe,2018-09-28,cumbia
Cumbias de oro,Album,El Búho,2015-07-15,cumbia
Mi niña mujer,Single,Los Ángeles Azules,2016-08-05,cumbia
"Balkumbia, Vol. 2",Album,Balkumbia,2018-06-01,cumbia
Tradición,Album,Big Band Show,1998-07-14,cumbia
Mezcla,Album,M.A.K.U. Soundsystem,2016-05-27,cumbia
Saturno 2000 - La Rebajada De Los Sonideros 1962-1983,Album,Various Artists,2022-04-15,cumbia
El Indio Conakry,Album,La Rueda,2019-05-03,cumbia
Cumbia y Amor,Album,Guaynaa,2025-03-20,cumbia
Los Vecinos,Album,Los Vecinos,1981,cumbia
Ecuatoriana: El Universo de Polibio Mayorga 1969–1981,Album,Various Artists,2023-04-07,cumbia
Cismo,EP,Reza,2022-03-17,cumbia
Los Trotamundos del Sabor,Album,Son Palenque,2022-10-23,cumbia
Camas Separadas,Album,Omar Shané,1991-11-04,cumbia
Balkumbia,Album,Balkumbia,2016-06-01,cumbia
Superbailable Vol. 1,Album,Orquesta Cumbia Grande,2015-01-06,cumbia
Superbailable Vol. 2,Album,Orquesta Cumbia Grande,2019-09-01,cumbia
En vivo en el Teatro Colón,Album,Orquesta Cumbia Grande,2014-04-10,cumbia
Perreo Maluco,Album,Bigote,2016-01-20,cumbia
"La música brava!, vol. 11",Album,Don Medardo y sus Players,1975-07-12,cumbia
El Keamo Mas,EP,El Keamo,2019-10-22,"cumbia, neo cumbia, digital cumbia, electrocumbia"
Corriendo la coneja,Album,Yerba Brava,2002,"latin, cumbia, cumbia villera"
Cumbias Chichadélicas : Peruvian Psychedelic Chicha,Album,Various Artists,2011-11-28,"latin, cumbia, cumbia peruana"
Perú Selvático: Sonic Expedition into the Peruvian Amazon 1972–1986 (Analog Africa No.36),Album,Various Artists,2022-12-16,"cumbia peruana, cumbia amazónica"
¡Un Saludo! Mexican Soundsystem Cumbia in LA,Album,Various Artists,2017-04-14,"electronic, cumbia, cumbia sonidera"
The Original Sound of Cumbia: The History of Colombian Cumbia & Porro as Told by the Phonograph 1948-79,Album,Various Artists,2011-12-05,"latin, cumbia, porro, cumbia colombiana"
Cumbia Pop,Album,Cumbia Pop,1988,"pop, latin, cumbia, cumbia pop"
Latin Only,Album,Various Artists,1999,"latin, cumbia"
La niña buena,Album,Mariana,2005,"latin, cumbia"
Cumbia Cumbia - A Selection of Colombian Cumbia Recordings,Album,Various Artists,1989,"latin, cumbia"
"30 pegaditas de oro, vol. 1",Album,La Sonora Dinamita,1999-01-01,"latin, cumbia"
¡Llegó la reina de la cumbia!,Album,La Sonora Dinamita,1997,"latin, cumbia"
Sigue La Locura,Album,Altos Cumbieros,2004,"latin, cumbia"
"Súper éxitos!, vol 1",Album,La Sonora Dinamita,1994,"latin, cumbia"
Corazón valiente,Album,Gilda,1995,"latin, cumbia"
Afro-Beat Airways: West African Shock Waves - Ghana & Togo 1972-1978,Album,Various Artists,2010-08-02,"afrobeat, cumbia"
Chico de oro,Album,Chico Trujillo,2010,"latin, cumbia"
100% villero,Album,Yerba Brava,2001,cumbia villera
Época dorada,Album,Los Ángeles Azules,2008-01-08,"latin, cumbia"
Bersa Discos # 3,EP,Various Artists,2008,"latin, cumbia"
The Roots of Chicha 2: Psychedelic Cumbias from Peru,Album,Various Artists,2010-10-12,cumbia peruana
"30 pegaditas de oro, vol. 2",Album,La Sonora Dinamita,1999,"latin, cumbia"
Chispeante!,Album,La Sonora Dinamita,1993,"latin, cumbia"
Ondatrópica,Album,Ondatrópica,2012-07-16,"latin, cumbia"
Vuela,Album,Ráfaga,2004,"latin, cumbia"
Oro puro,Album,Los Acosta,1992-05-04,"latin, cumbia"
Historia musical 30 pegaditas,Album,Los Ángeles Azules,2001-08-07,"latin, cumbia"
Entrega de amor,Album,Los Ángeles Azules,1994,"latin, cumbia"
"Súper éxitos!, vol. 2",Album,La Sonora Dinamita,1996-11-12,"latin, cumbia"
Cumbia villera,Album,Yerba Brava,2000,cumbia villera
Cumbia cumbia 2: La epoca dorada de cumbias colombianas,Album,Various Artists,1993,"latin, cumbia"
Cumbia nena,Album,Amar Azul,1997,"latin, cumbia"
Sus éxitos con La Sonora Dinamita,Album,La India Meliyará,2009-05-19,"latin, cumbia"
Lo mejor de Mike Laure,Album,Mike Laure,1987,"latin, cumbia"
"Cumbias solamente cumbias, vol. II",Album,Various Artists,,"latin, cumbia"
Latin Only,Album,Various Artists,1997,"latin, cumbia"
La cumbia nació en Barú,Album,Sonora Dinamita,1982,"latin, cumbia"
Frente Cumbiero Meets Mad Professor,Album,Frente Cumbiero,2011,"latin, cumbia"
Ritmo y sustancia,Album,Mala Fama,2000,"latin, cumbia"
Matamoros querido,Album,Costa Azul,1972,"latin, cumbia"
El más buscado,Album,Organización X,2002,"latin, cumbia"
El regreso de los reyes,Album,Cruz Martínez,2007-08-14,"latin, cumbia"
Música y corazón,Album,Milena,2000,"latin, cumbia"
Ayo,Album,Bomba Estéreo,2017-08-11,"latin, cumbia"
It's Nonstop Cumbia 1,Album,Various Artists,1995,"latin, cumbia"
Colombia 45,Album,Various Artists,2011-02-28,"latin, cumbia"
Fiesta regional selvática,Album,Various Artists,,"latin, cumbia"
¡Cumbiando…!,Album,Los Xochimilcas,1967,"latin, cumbia"
Fuego de cumbia,Album,Los Malandros,1998,"latin, cumbia"
Navidad de puerta en puerta,Album,Los Xochimilcas,1969,"latin, cumbia"
Cumbia Cumbia 1 & 2,Album,Various Artists,2012-04-16,"latin, cumbia"
Las flores del sol,Album,Nilamayé,2016-11-11,"latin, cumbia"
Sigue siendo el maestro,Album,Antonio Ríos,1997,"latin, cumbia"
De todo corazón,Album,Organización X,1998,"latin, cumbia"
Fiesta en la selva,Album,Los Wembler’s de Iquitos,1977,"latin, cumbia"
Lucho Bermúdez y Su Orquesta,EP,Lucho Bermúdez y su Orquesta,2011-02-28,"latin, cumbia"
La colegiala,Single,Rodolfo,1982,"latin, cumbia"
Borrachito,Album,Organización X,1996,"latin, cumbia"
Entre el cielo y la tierra,Album,Gilda,1997,"latin, cumbia"
El destape,Album,Grupo 2000,2011,"latin, cumbia"
La lata,Album,Super Mer Ka 2,2003,"latin, cumbia"
Lamento Calavera,Single,Meridian Brothers,2014,"latin, cumbia"
Los auténticos,Album,Los Shapis,1982,"latin, cumbia"
Grandes éxitos de...,Album,Juaneco y su Combo,1982,"latin, cumbia"
La manita de fauna,Album,Faauna,2008-11-07,"cumbia, moombahton"
Manshines,Album,Faauna,2011-03-03,"cumbia, moombahton"
All plato,EP,Faauna,2013-10-15,"cumbia, moombahton"
Indifirentes a todo,Album,Eh!!! Guacho,2005,"latin, cumbia"
Festival de cumbias,Album,Los Continentales,,"latin, cumbia"
Organo Colombiano,Album,Alejandro Bernal,1979,"latin, cumbia"
"Masters of Chicha, Vol. 1",Album,Juaneco y su Combo,2008,"latin, cumbia"
Cumbias tabaco y ron,Album,Various Artists,1979,"latin, cumbia"
Poco a poco,Single,Los Continentales,1983,"latin, cumbia"
Indifirentes a todo,Album,Eh!!! Guacho,2005,"latin, cumbia"
Por Borracho,Album,Orquesta Hermanos Flores,1973,"latin, cumbia"
Cumbia Reina / Rosa Mar,Single,Orquesta De Los Hnos. Flores,1981,"latin, cumbia"
Olvidame Si Puedes / Es Tarde Ya,Single,Orquesta Hermanos Flores,1970,"latin, cumbia"
Canta mi pueblo,Album,Orquesta Hermanos Flores,,"latin, cumbia"
Prende la vela / Cumbia de las Cubas,Single,Mariachi Palomar,,"latin, cumbia"
Toda La Música!,Album,Los Caribes,1983,"latin, cumbia"
"La Danza del Agua, Part 2",Album,Various Artists,2017-10-13,"folk, cumbia"
El más buscado,Album,Organización X,2002,"latin, cumbia"
Ayo,Album,Bomba Estéreo,2017-08-11,"latin, cumbia"
Orquesta Hermanos Flores,Album,Orquesta Hermanos Flores,1983,"latin, cumbia"
Mi Indecision,Single,Tropical Barrio Pobre,1980,"latin, cumbia"
Visit Malphino,Album,Malphino,2018-05-04,"latin, cumbia"
Los reyes de la cumbia,Album,Grupo Néctar,1997,"latin, cumbia"
Éxitos,Album,Los Destellos,,"latin, cumbia"
El Estilo Elegante Del Poderoso...,Album,Grupo Naranja,1977,"latin, cumbia"
Jambú e Os Míticos Sons Da Amazônia,Album,Various Artists,2019-06-21,"latin, cumbia"
Amor Entre Mujeres,Album,Dalila,2001,"latin, cumbia"
20 super éxitos,Album,Organización X,2001,"latin, cumbia"
Hasta la eternidad,Album,Grupo Green,1999,"latin, cumbia"
Sólo tú,Album,La Gran Magia Tropical,1999,"latin, cumbia"
The Garabato Sessions (Remixes),EP,Totó la Momposina,2016-12-02,"cumbia, porro"
Fuego,EP,Totó la Momposina,2018-09-07,"cumbia, porro"
Oye Manita,Album,Totó la Momposina,2018-09-11,"cumbia, porro"
Destino,Album,Joe Vasconcellos,2007,"latin, cumbia"
Bailalo Duro,Album,Nkumba System,2020-11-13,"latin, cumbia"
Le Petit Cumbiero de San Sebastián,Album,Lascivio Bohemia,2019-10-31,"electronic, cumbia"
A orillas del Magdalena: Coastal Cumbias From Colombia's Discos Fuentes,Album,Various Artists,2009,"latin, cumbia"
El Bombero / El gato Melquiades,Single,Los Bárbaros del Centro,,"latin, cumbia"
Historia natural,Album,Los Pirañas,2019-10-11,"latin, cumbia"
Curandero,Album,Orkesta Mendoza,2020-04-10,"mariachi, cumbia"
Si yo muero / Triste y alegre,Single,Pastor López y su Combo,1984,"latin, cumbia"
Cumbia sampuesana / Con mi ritmo - ¡Si se puede!,Single,Manuel Gonzalez Su Organo y Ritmos,1985,"latin, cumbia"
Sol milena / Noche de estrellas,Single,Orquesta Tropicolombiana,1987,"latin, cumbia"
Solitos los dos / Luz de cumbia,Single,Aníbal Velásquez,1986,"latin, cumbia"
El negro Sebastian / El carpintero del pueblo,Single,Sonora Sangre Negra,1982,"latin, cumbia"
Oro verde / El llamador,Single,Estrellas de Urabá,1982,"latin, cumbia"
El papasito / Linda mariposa,Single,Grupo Rosado,1974,"latin, cumbia"
El Faraon de la Chicha Vol.1,Album,Chacalón y la Nueva Crema,2005-06,"latin, cumbia"
El Soberano De La Cumbia,Album,Chacalón y la Nueva Crema,1982,"latin, cumbia"
Recuerdos Inolvidables Vol.2,Album,Chacalón y la Nueva Crema,2007,"latin, cumbia"
"Vol. 5 Tu Vida, Mi Vida",Album,Chacalón y la Nueva Crema,1985,"latin, cumbia"
Minyo Cumbiero,EP,Minyo Crusaders,2020-07-31,"latin, cumbia"
El Maestro,Album,Antonio Ríos,1996-04-04,"latin, cumbia"
"Si tenés, mandale mecha",Album,Mala Fama,2010,"latin, cumbia"
Unconvention / Ika,Single,Frente Cumbiero,2012-07-20,"latin, cumbia"
El nuevo tropical,Album,Alegria,1997,"latin, cumbia"
El Lava de Gabacho,EP,Malphino,2013-06-03,"latin, cumbia"
Funky Rob Way,Album,Rob,2019-03-12,"afrobeat, cumbia"
Rebita - 1st Long Play recorded and pressed in Angola - 1973 (Limited Dance Edition),Album,Various Artists,2013-10-29,"afrobeat, cumbia"
Mi cafetal,Album,Marimba Hermanos Paniagua,1965,"latin, cumbia"
Más borrachitos que nunca,Album,Organización X,1997,"latin, cumbia"
Poco a poco,Single,Los Continentales,1983,"latin, cumbia"
Y se va la vida,Single,Los Continentales,,"latin, cumbia"
Cumbia amazónica,Album,Los Mirlos,1978,"latin, cumbia"
Organo Colombiano,Album,Alejandro Bernal,1979,"latin, cumbia"
El destape,Album,Grupo 2000,2011,"latin, cumbia"
Navidad de puerta en puerta,Album,Los Xochimilcas,1969,"latin, cumbia"
Sigue siendo el maestro,Album,Antonio Ríos,1997,"latin, cumbia"
Odisea cumbia 3000,Album,Los Chapillacs,2010,"latin, cumbia"
Pitchito,EP,Frente Cumbiero,2010-12-07,"latin, cumbia"
Matamoros querido,Album,Costa Azul,1972,"latin, cumbia"
Festival de cumbias,Album,Los Continentales,,"latin, cumbia"
Entre el cielo y la tierra,Album,Gilda,1997,"latin, cumbia"
Los auténticos,Album,Los Shapis,1982,"latin, cumbia"
The Imaginary Soundtrack to a Brazilian Western Movie 1964 - 1974,Album,Camarão,2018-02-20,"afrobeat, cumbia"
Colombia 45,Album,Various Artists,2011-02-28,"latin, cumbia"
"Corazón Serrano, Vol. 1",Album,Corazón Serrano,2014,cumbia sanjuanera
Cumbias solamente cumbias,Album,Various Artists,,"latin, cumbia"
Cumbias de Colombia,Album,Various Artists,1968,"latin, cumbia"
Los éxitos,Album,Lucho Bermúdez y su Orquesta,1971-11-04,"latin, cumbia"
Cumbias y gaitas famosas de Colombia,Album,Various Artists,1973,"latin, cumbia"
Lucho Bermúdez y Su Orquesta,EP,Lucho Bermúdez y su Orquesta,2011-02-28,"latin, cumbia"
Dejala Corre / El Sapo / Crees Que Soy Sexy,Single,Banda Los Hijos de La Niña Luz,2008-10-20,"latin, cumbia"
Ranil y Su Conjunto Tropical,Album,Ranil y Su Conjunto Tropical,2020-03-20,"afrobeat, cumbia"
¡ Ay Ay Ay !,Album,La Dinamitaaa,2017-04-07,"latin, cumbia"
La cumbia nació en Baru / Las velas encendidas,Single,Sonora Dinamita,1982,"latin, cumbia"
Cumbias y gaitas famosas de Colombia,Album,Various Artists,1989,"latin, cumbia"
Soy valiente / El Africano,Single,Lucy González,1984,"latin, cumbia"
La cumbia de los cuervos / Primer amor,Single,Juaneco y su Combo,1983,"latin, cumbia"
Hasta que amanezca / Vamos a beber,Single,Adolfo Echeverría y su Orquesta,1986,"latin, cumbia"
Calafia Armada,EP,Calafia Armada,2020-02-14,"latin, cumbia"
Lo máximo,Album,Pastor López,1982,"latin, cumbia"
Asi tocan los indios,Album,Gaiteros de San Jacinto,2012-10-25,"dub, cumbia"
Colegiala / Sueñas que te amo,Single,Los Ilusionistas,1977,"latin, cumbia"
"Masters of Chicha, Vol. 1",Album,Juaneco y su Combo,2008,"latin, cumbia"
Cumbias tabaco y ron,Album,Various Artists,1979,"latin, cumbia"
Lamento Calavera,Single,Meridian Brothers,2014,"latin, cumbia"
Exitos ...Exitos ...Exitos,Album,Chacalón y la Nueva Crema,1978,"latin, cumbia"
El rey y el peón,EP,Nkumba System,2019-05-31,"latin, cumbia"
Inmenso,Album,Amar Azul,1999,"latin, cumbia"
Salida de Emergencia,Album,Ruth Vazquez,2021-03-29,cumbia mexicana
De corazón a corazón,Album,La Solución de Jesús M. Campos,2020,"latin, cumbia"
Monsterra Peligro,Album,Monsterra,2021-04-01,"dub, cumbia"
Sin decir adiós,Album,Luz Mala,1995,"latin, cumbia"
Cumbia para ti / Mi problema,Single,Orquesta Los Impactos,1985,"latin, cumbia"
El retorno de Manzanita,Album,Manzanita y Su Conjunto,1982,"latin, cumbia"
La Única,Album,Gilda,1993,"latin, cumbia"
Nuestras mejores cumbias,Album,Alfredo Gutiérrez,1989,"latin, cumbia"
El rey y el peón,EP,Nkumba System,2019-05-31,"latin, cumbia"
Su Majestad la cumbia / Francisco el hombre,Single,Las Emes,1983,"latin, cumbia"
Colombia tierra hermana / La niña triste,Single,"Manuel González, Su Organo y Ritmos",1984,"latin, cumbia"
Crema Remixed,EP,Banana Sound Cartel,2019-02-01,"latin, cumbia"
Más cumbias,Album,Various Artists,1964,"latin, cumbia"
Luz y sombra,Album,Locarno,2015-11-07,"latin, cumbia"
De corazón a corazón,Album,La Solución de Jesús M. Campos,2020,"latin, cumbia"
Con amor,Album,Amar Azul,1993,"latin, cumbia"
100% Cumbia,Album,Amar Azul,2011,"latin, cumbia"
Monsterra Peligro,Album,Monsterra,2021-04-01,"dub, cumbia"
Tentadora,Album,Lía Crucet,1995,"latin, cumbia"
México y Colombia,Album,Sonora Dinamita,1981,"latin, cumbia"
Los alemanes no pueden bailar,EP,Grupo Pisse y las hermanas Martinez,2021-05-09,"punk, cumbia"
La Única,Album,Gilda,1993,"latin, cumbia"
Viva la vida,Album,Sebastian,1991,"latin, cumbia"
En vivo,Album,Carlitos Jiménez,1986,"latin, cumbia"
Sobrevolando América,Album,Ráfaga,1997,"latin, cumbia"
Embriágame suavecito,Album,Grupo Néctar,1996,"latin, cumbia"
Sonido Tumi,Album,Various Artists,2021,"latin, cumbia"
VelkomBak,Album,Gypsy Kumbia Orchestra,2020-05-15,"latin, cumbia"
"Historia de la cumbia en el siglo XX, volumen 3",Album,Various Artists,1998,"latin, cumbia"
"Nunca, nunca, nunca / El mecate",Single,Los Sonor’s,1970,"latin, cumbia"
Bailalo Duro,Album,Nkumba System,2020-11-13,"latin, cumbia"
Para vos basuura,Album,Mala Fama,2001,"latin, cumbia"
Sólo tú,Album,La Gran Magia Tropical,1999,"latin, cumbia"
Lo máximo,Album,Pastor López,1982,"latin, cumbia"
Recuerdo De Los Morochucos,Album,Los Morochucos,1964,"latin, cumbia"
Los reyes de la cumbia,Album,Grupo Néctar,1997,"latin, cumbia"
El Estilo Elegante Del Poderoso...,Album,Grupo Naranja,1977,"latin, cumbia"
Funky Rob Way,Album,Rob,2019-03-12,"afrobeat, cumbia"
El Faraon de la Chicha Vol.1,Album,Chacalón y la Nueva Crema,2005-06,"latin, cumbia"
Recuerdos Inolvidables Vol.2,Album,Chacalón y la Nueva Crema,2007,"latin, cumbia"
"Vol. 5 Tu Vida, Mi Vida",Album,Chacalón y la Nueva Crema,1985,"latin, cumbia"
Destino,Album,Joe Vasconcellos,2007,"latin, cumbia"
Grandes éxitos de Lisandro Meza,Album,Lisandro Meza,1984,"latin, cumbia"
The Garabato Sessions (Remixes),EP,Totó la Momposina,2016-12-02,"cumbia, porro"
Fuego,EP,Totó la Momposina,2018-09-07,"cumbia, porro"
Éxitos,Album,Los Destellos,,"latin, cumbia"
Hasta la eternidad,Album,Grupo Green,1999,"latin, cumbia"
Te metiste en mi corazón,Album,Antonio Ríos,2011,"latin, cumbia"
Para todo el mundo,Album,Los Destellos,1980,"latin, cumbia"
Pinche Amor,Album,Amandititita,2019-06-18,"latin, cumbia"
Nuestras mejores cumbias,Album,Alfredo Gutiérrez,1989,"latin, cumbia"
Inmenso,Album,Amar Azul,1999,"latin, cumbia"
Chambacu,Album,Aurita y su Conjunto,2021-08-27,"latin, cumbia"
El campeón,Album,Amar Azul,2000,"latin, cumbia"
Dime tú,Album,Amar Azul,1996,"latin, cumbia"
Gracias a vos,Album,Amar Azul,2003-11-15,"latin, cumbia"
Cumbia grasa,Single,Locomotora,2014-10-16,"electronica, cumbia"
Sueños,Album,Alcides,1989,"latin, cumbia"
"50 años de música tropical, vol. 3",Album,Various Artists,1986,"latin, cumbia"
Ñacate,Album,Cuarteto de Oro,1975,"latin, cumbia"
Grupo Jejeje,Album,Grupo Jejeje,2019-05-03,"latin, cumbia"
Freestyle de ritmos,Album,El Hijo de la Cumbia,2009,"electronic, latin, dancehall, cumbia, digital cumbia"
Shhh!,Album,A.B. Quintanilla,2001-02-27,"latin pop, cumbia, cumbia rap, r&b"
Cumbiol Forte vol. 2,Album,Sonora Barón,2013,"latin, tropical, cumbia, nueva cumbia chilena"
Echadito para atrás,Album,Sonora Barón,2017,"latin, tropical, cumbia, nueva cumbia chilena"
El trato,Single,The La Planta,2024-12-26,"pop, latin pop, latin, cumbia, cumbia pop"
A todo galope,Album,Bronco,1989,"latin, cumbia, norteño"
Putumayo Presents: ¡Baila! A Latin Dance Party,Album,Various Artists,2006-05-23,"salsa, latin, cumbia"
Cumbias de oro: 16 grandes éxitos,Album,Sonora Dinamita,1987,"salsa, latin, cumbia"
Y la señora imaginación,Album,Chico Trujillo,2003,"latin, cumbia, pachanga"
Plato único bailable,Album,Chico Trujillo,2008,"rock, latin, cumbia"
Escape Room,Album,Very Be Careful,2010-04-13,"latin, cumbia, vallenato"
Bersa discos,EP,El Hijo de la Cumbia,2008-02-19,"electronic, latin, cumbia"
Para los pibes,Album,Damas Gratis,2001,"latin, cumbia villera"
Cumbia,Album,Bareto,2008,"peru, cumbia, bareto"
Putumayo Presents: Latin Party,Album,Various Artists,2010-04-06,"salsa, latin, cumbia"
La manita de Fauna,Album,Fauna,2008,"electronic, latin, cumbia"
La Vida,Album,Tres Muchachos & Compañeros,2007,"salsa, latin, cumbia"
Sin salsa no hay paraíso,Album,El Gran Combo de Puerto Rico,2010-03-30,"salsa, latin, cumbia"
La reina de la anarcumbia,Album,Amandititita,2008-06-10,"latin, cumbia, norteño"
Bate Que Bate,Album,Mayonesa,2002,"pop, latin, cumbia"
Panamericana,Album,Las Rubias del Norte,2006-03-14,"latin, cumbia, chachachá"
Criando cuervos,Album,Los Pibes Chorros,2003,"latin, cumbia villera"
100% villero,Album,Los Pibes Chorros,,"latin, cumbia villera"
100% negro cumbiero,Album,Damas Gratis,2004,"latin, cumbia villera"
Lo más sabroso...,Album,The Latin Brothers,2015-05-21,"salsa, latin, cumbia"
Boquita de Caramelo,Album,Grupo Sombras,1995,"latin, cumbia, pachanga"
Solo le pido a Dios,Album,Los Pibes Chorros,2002,"latin, cumbia villera"
Material de difusión,Album,Los Pibes Chorros,2009,"latin, cumbia villera"
Marcando terreno,Album,Joe Arroyo,2001,"salsa, latin, cumbia"
16 éxitos con los reyes del ritmo,Album,Los Xochimilcas,1988,"latin, cumbia, danzón"
"Perdonalos, no saben lo que hacen",Album,Los Pibes Chorros,2007,"latin, cumbia villera"
Fuego en mi mente,Album,Joe Arroyo y La Verdad,1988,"salsa, latin, cumbia"
El super congo: La guerra de los callados,Album,Joe Arroyo,1991,"salsa, latin, cumbia"
La Churumbela,Album,Vox Urbana,2013-08-27,"latin, cumbia, vallenato"
Sendero místico,Album,Sonido Gallo Negro,2014-05-23,"instrumental, psychedelic, cumbia"
Actuando,Album,Joe Arroyo y La Verdad,1983,"salsa, latin, cumbia"
Hasta amanece',Album,Joe Arroyo,1984,"salsa, latin, cumbia"
Me le fugué a la candela,Album,Joe Arroyo y La Verdad,1985,"salsa, latin, cumbia"
Caribe Mix 2006,Album,Various Artists,2006,"reggae, latin, cumbia"
Enamorado de un fantasma,Album,Liberación,1995-11-29,"latin, cumbia, tejano"
Arriba las manos,Album,Los Pibes Chorros,2001,"latin, cumbia villera"
Baúl musical no. 4: Bailables de todos los tiempos,Album,Various Artists,2008,"tropical, cumbia, bailable"
Solo para entendidos,Album,Damas Gratis,2007,"latin, cumbia villera"
Cumbias villeras y de las otras,Album,Los Pibes Chorros,2000-04-25,"latin, cumbia villera"
Future Sounds of Buenos Aires,Album,Various Artists,2012,"electronic, latin, cumbia"
Orquesta Los Ramblers de Nicaragua,Album,Orquesta Los Ramblers de Nicaragua,1990,"latin, merengue, cumbia"
"Fiesta, que viva la",Album,Ensamble Polifónico Vallenato,2014-10-31,"salsa, latin, cumbia"
Bailando y gozando con 16 éxitos tropicales,Album,Various Artists,1985,"salsa, latin, cumbia"
Ritmo De Las Calaveras,Other,Deela,2013-05-26,"electronic, reggaeton, cumbia"
Mambo Loco,Album,Aníbal Velásquez y su Conjunto,2010-04,"latin, cumbia, vallenato"
Magnetismo,Album,La Yegros,2016-03-11,"electronic, latin, cumbia"
Exclusivo,Album,Sonora Borinquen,1975,"latin, cumbia, plena"
Barranquilla Tiene Sed!,Album,Los Caribes,1985,"salsa, latin, cumbia"
La Negra Ine / La Canelosa,EP,Los Caribes,1982,"latin, cumbia, porro"
Vuelvo a cantar,Album,Chema Ramos y su Conjunto,1976,"latin, cumbia, porro"
Tropa Magica,Album,Tropa Magica,2018-09-28,"punk, psychedelic, cumbia"
Cumbia enamorada / La vecina,Single,Los Caribes,1979,"latin, cumbia, vallenato"
El hombre del palo,Album,La Renovación,1986,"salsa, latin, cumbia"
La casa de la compañía,Single,Canalón de Timbiquí,2019-02-22,"electronic, dub, cumbia"
De Mar y Río,Album,Canalón de Timbiquí,2019-04-12,"electronic, dub, cumbia"
El alma y el cuerpo,Single,Bomba Estéreo,2012-08-15,"electronic, latin, cumbia"
Que bonito,Single,Bomba Estéreo,2014-04-01,"electronic, latin, cumbia"
¿Sabe qué pasa?,EP,Candeleros,2018-09-21,"salsa, cumbia, champeta"
La pastorcita / Caminito serrano,Single,Los Destellos,1974,"rock, latin, cumbia"
Tío Guachupesito,Single,Canalón de Timbiquí,2019-12-21,"electronic, dub, cumbia"
Albacitos De Oro,Album,Polibio Mayorga,1968,"electronic, latin, cumbia"
Colombia,Album,Various Artists,1994,"latin, cumbia, vallenato"
La medallita / Carola,Single,Los Continentales,,"rock, latin, cumbia"
¡Ya no más!,Album,Brain Damage,2018-10-19,"reggae, dub, cumbia"
Live in Dublin,Album,Bomba Estéreo,2018-07-15,"electronic, latin, cumbia"
Sundance EP,EP,Deela,2018-07-27,"electronic, reggaeton, cumbia"
Padremontes,Single,Frente Cumbiero,2018-07-01,"dub, latin, cumbia"
CUMBIA GOT DUB,Single,Captain Cumbia,2019-11-29,"latin, western, cumbia"
MASHUP-MAN CUMBIERO,Album,Captain Cumbia,2014-05-01,"latin, western, cumbia"
Vol. 03: Soy pescador,Album,Agua Marina,1988,"salsa, latin, cumbia"
GMC - L.E.D.A. [DANZA05],EP,GMC,2020-09-02,"electronic, folk, cumbia"
Barrio Skank,Single,Deela,2018-09-13,"electronic, reggaeton, cumbia"
Deela Remixes - Pt1,EP,Deela,2018-08-30,"electronic, reggaeton, cumbia"
Rumba Chonta - DEELA Edits,Single,Deela,2018-10-19,"electronic, reggaeton, cumbia"
Un Helado de Portugal,EP,Sexteto Tabalá,2018-11-24,"latin, afrobeat, cumbia"
Fundo de Marê Palinha,EP,Voz di Sanicolau,2020-07-10,"afrobeat, cumbia, funaná"
16 éxitos con los reyes del ritmo,Album,Los Xochimilcas,1988,"latin, cumbia, danzón"
Material de difusión,Album,Los Pibes Chorros,2009,"latin, cumbia villera"
"Perdonalos, no saben lo que hacen",Album,Los Pibes Chorros,2007,"latin, cumbia villera"
Enamorado de un fantasma,Album,Liberación,1995-11-29,"latin, cumbia, tejano"
Puta realidad,Album,Coca Candy,,"dub, latin, cumbia"
¡Lo Juimo!,Album,DJ Juan Data,2012-03-05,"reggae, latin, cumbia"
Teléfono a larga distancia,Album,Los Xochimilcas,1974,"latin, cumbia, danzón"
Salsa y son caribe,Album,The Latin Brothers,1988,"salsa, latin, cumbia"
Impredecible,Album,Bareto,2015-11-22,"reggae, latin, cumbia"
Ritmos espaciales,Album,Los Siderals,1969,"rock, latin, cumbia"
Skulltura Pt2,Album,Deela,2017-03-21,"electronic, reggaeton, cumbia"
Legend of Funaná (The Forbidden Music of the Cape Verde Islands),Album,Bitori,2016-09-12,"afrobeat, cumbia, funaná"
Sentimiento electrónico,Album,Sonido San Francisco,2014-03-27,"electronica, tropicália, cumbia"
Future Sounds of Buenos Aires,Album,Various Artists,2012,"electronic, latin, cumbia"
Pecados tropicales,Album,Kumbia Queers,2014-07-11,"punk rock, cumbia"
Independencia Sessions,Album,Sonido San Francisco,2010-01-11,"rock, electronica, cumbia"
Pedro Laza y Su Banda,Album,Pedro Laza y su Banda,,"latin, cumbia, porro"
"Satingarona, Pt.1",Album,The Bongo Hop,2016-11-07,"salsa, latin, cumbia"
¡Indomable!,Album,Bronco,1986,"latin, cumbia, norteño"
Cuatro tigres,EP,Chicha Libre,2013-04-20,"rock, latin, cumbia"
Eroticorythmotropicalomanie Vol.1,Album,Orchestre Los Hermanos Martelo,,"latin, rumba, cumbia"
La reina de todas las fiestas,Album,Chico Trujillo,2015-06-23,"latin, cumbia, pachanga"
Down in the Basement,EP,The Mauskovic Dance Band,2018-03-16,"cumbia, space disco"
La Ciénaga,Album,La Flör del Otrö,2017-03,"latin, rumba, cumbia"
"Street Music Of Panama - Cumbias, Tamboritos, Mejoranas",Album,Various Artists,1985,"folk, latin, cumbia"
Mambo Cósmico,Album,Sonido Gallo Negro,2017-09-22,"instrumental, psychedelic, cumbia"
Rock Is Dead: Long Live Paper and Scissors,Album,Tropa Magica,2015-04-23,"punk, psychedelic, cumbia"
Mambo mundial,Album,Chico Trujillo,2019-09-13,"latin, cumbia, pachanga"
WOO HAH EN DO MENOR,Single,Captain Cumbia,2019-11-13,"latin, western, cumbia"
Toño García: El último cacique,Album,Gaiteros de San Jacinto,2019-11-22,"electronic, dub, cumbia"
Porrovía,Single,Frente Cumbiero,2020-01-31,"latin, cumbia, porro"
Negra Linda,Album,Sonora Casino,1967,"latin, cumbia, descarga"
La Gitana Enamorada,Album,La Super Banda de Don Filemón,1978,"latin, cumbia, guaracha"
Golpiando,Album,Various Artists,1973,"latin, cumbia, vallenato"
¡¡ Campeones !!,Album,Los Girasoles,1975,"salsa, latin, cumbia"
Cuando yo diga / El Profesor rui rua,Single,Los Casinos de Venezuela,1982,"latin, cumbia, porro"
Huayayay / Quédate un poco más,Single,Grupo Fantasma,1986,"latin, cumbia, vallenato"
Las Mellas (Cerrero dub mix),Single,Gaiteros de San Jacinto,2020-02-13,"electronic, dub, cumbia"
Lo mejor de La Sonora Dinamita,Album,La Sonora Dinamita,,"latin, cumbia, porro"
Más tropical / Que te pasa,Single,Quitapenas,2012-02-12,"cumbia, soukous, champeta"
El sonido selvático,Album,Los Mirlos,1973,"latin, cumbia, guaracha"
La tumbadora,Album,Jazmín,2002,"electronic, latin, cumbia"
Aguzante,Album,Carlos Miranda Y El Supercombo Angelito,,"salsa, latin, cumbia"
Pa' mi tierra,Album,Agrupación Bellking's De Piura,1986,"salsa, latin, cumbia"
Salsa colombiana,Album,Various Artists,1994,"salsa, latin, cumbia"
Kumbias Gauchito,EP,Chancha Vía Circuito,2007,"electronic, latin, cumbia"
Lo mejor de Los Galleros,Album,Los Galleros,1971,"latin, cumbia, porro"
Mi cucú,Single,Sonora Dinamita,1988,"pop, latin, cumbia"
Cumbia amazónica,Album,Los Mirlos,2014-12-08,"psychedelic, latin, cumbia"
Utopïa,EP,La Flör del Otrö,2015-05,"latin, rumba, cumbia"
La danza de los mirlos,Album,Afrosound,1973-09-03,"jazz, latin, cumbia"
The Exciting Tropical Dance Rhythms of Colombia,Album,Lucho Bermúdez y su Orquesta,,"latin, cumbia, porro"
Sendero místico,Album,Sonido Gallo Negro,2014-05-23,"instrumental, psychedelic, cumbia"
Me le fugué a la candela,Album,Joe Arroyo y La Verdad,1985,"salsa, latin, cumbia"
En acción,Album,Joe Arroyo y su Orquesta La Verdad,1989,"salsa, latin, cumbia"
Marcando terreno,Album,Joe Arroyo,2001,"salsa, latin, cumbia"
La Churumbela,Album,Vox Urbana,2013-08-27,"latin, cumbia, vallenato"
El super congo: La guerra de los callados,Album,Joe Arroyo,1991,"salsa, latin, cumbia"
De México a Paraguay,Album,Tlen Huicani,2004,"latin, cumbia, danzón"
Operación Damas Gratis,Album,Damas Gratis,2002,"latin, cumbia villera"
Bailando y gozando con 16 éxitos tropicales,Album,Various Artists,1985,"salsa, latin, cumbia"
Orquesta Los Ramblers de Nicaragua,Album,Orquesta Los Ramblers de Nicaragua,1990,"latin, merengue, cumbia"
Bubbling,Album,Mawimbi,2021-06-05,"electro, afrobeat, cumbia"
Lo que el pueblo quiere bailar,Album,Los 50 de Joselito,2000,"latin, merengue, cumbia"
Pachuco,Album,Jonny Chingas,1980,"funk, latin, cumbia"
A Bailar,Album,Los Moros,1987,"pop, latin, cumbia"
Quiéreme,Album,Mónica Ergueta,1996,"latin, merengue, cumbia"
Bailando con...Los Yungas,Album,Los Yungas,1975,"psychedelic, latin, cumbia"
Junteu-vos,Album,El Diluvi,2019-04-12,"reggae, latin, cumbia"
Jallalla,Album,Lagartijeando,2019-06-07,"electronic, latin, cumbia"
GMC - L.E.D.A. [DANZA05],EP,GMC,2020-09-02,"electronic, folk, cumbia"
Fuego en mi mente,Album,Joe Arroyo y La Verdad,1989,"salsa, latin, cumbia"
Los Sideral's,Album,Los Siderals,1968,"rock, latin, cumbia"
Los Admirados De La Nueva Crema,Album,Chacalón y la Nueva Crema,1983,"latin, cumbia, guaracha"
Vol. 03: Soy pescador,Album,Agua Marina,1988,"salsa, latin, cumbia"
Tu eres mi pena,Album,Los Barón de Apodaca,1981,"latin, cumbia, ranchera"
No pido revancha / Noches felices,Single,Palo Santo,1989,"salsa, latin, cumbia"
La guagua / Magdalena,Single,El Combo Candela,1984,"latin, cumbia, porro"
Sorbito de champagne / Increible,Single,Pastor López,1983,"salsa, latin, cumbia"
La ultima primavera,Single,La Makina del Ritmo,,"psychedelic rock, cumbia"
Tumbias Electrónicas,Album,Turbo Sonidero Futuristico,2013,"electronic, latin, cumbia"
Busco un amor / Negrita caridad,Single,Combo del Caribe,1983,"latin, cumbia, porro"
Nikan,Album,Mas Aya,2017-05-12,"electronic, dance, cumbia"
El amor nos mantendrá juntos,Album,Priscila y sus Balas de Plata,2000,"latin, cumbia, tejano"
Corazón de cristal,Album,Priscila y sus Balas de Plata,1999,"latin, cumbia, tejano"
Lucho Argaín y La Sonora Dinamita,Album,Lucho Argaín,1980,"salsa, latin, cumbia"
¡Kirbia!,EP,Louie Zong,2022-01-16,"instrumental, folk, cumbia"
Somos nosotros los buenos,Album,Damas Gratis,2016-12-09,"latin, cumbia villera"
Sin Remedio,Album,Damas Gratis,2005,"latin, cumbia villera"
Esquivando el éxito,Album,Damas Gratis,2011-12-01,"latin, cumbia villera"
El amor no es para los débiles,Album,Bareto,2022-02-25,"psychedelic, latin, cumbia"
Inéditos,Album,Damas Gratis,2019-01-19,"latin, cumbia villera"
Killa Kumbias,Album,Turbo Sonidero,2016-05-02,"electronic, latin, cumbia"
El bonaerense,Album,Damas Gratis,,"latin, cumbia villera"
La gota que rebasó el vaso,Album,Damas Gratis,2008-12-09,"latin, cumbia villera"
Entre a mi mundo,Album,Selena,1992-05-06,"electronic, 90s, spanish, latin, cumbia, tejano, cumbia mexicana"
Salvadora Robot,Album,Meridian Brothers,2014-06-09,"psychedelic, latin, cumbia, art pop, digital cumbia, tropicanibalismo"
Levántame... con estas cumbias,Album,Eusebio y Su Banjo,1983,"psychedelic, samba, latin, cumbia, bolero, guaracha, cumbia peruana"
Ven Conmigo,Album,Selena,1991-07-01,"pop, 90s, spanish, latin, cumbia, ranchera, tejano, cumbia mexicana"
Por el mundo,Album,Bronco,1992,"ballad, latin, cumbia, norteño"
Movimiento popular,Album,Grupo Fantasma,2004,"rock, reggae, latin, cumbia"
The Rough Guide to Cumbia,Album,Various Artists,2000,"latin, rough guide, cumbia"
Marcando la distancia,Album,Manolito y su Trabuco,1998,"salsa, latin, cumbia, timba"
Tropicalisimo,Album,Peregoyo y su Combo Vacaná,1989,"salsa, latin, cumbia, porro"
Chicano Zen,Album,Charanga Cakewalk,2006-03-26,"rock, latin, cumbia, tejano"
Se rompieron los termómetros,Album,Manolito y su Trabuco,2002,"latin, cumbia, bolero, guaracha"
Sonidos Gold,Album,Grupo Fantasma,2008-06-17,"funk, salsa, latin, cumbia"
Kumbia Nena!,Album,Kumbia Queers,2007,"punk, punk rock, cumbia"
Trans Europe Express,Single,Señor Coconut y su conjunto,2000-07-20,"electronic, latin, cumbia, mambo"
"Portugal deluxe, volume 2: Um cocktail swingante",Album,Various Artists,1998,"pop, samba, latin, cumbia"
Comes Alive,Album,Grupo Fantasma,2006,"rock, salsa, latin, cumbia"
Como nunca,Album,Hometown Boys,1998-05-11,"latin, cumbia, ranchera, tejano"
Reir por no llorar,Album,Agrupación Mamanis,1996,"rock, pop, reggae, cumbia"
Sergio el bailador,Album,Bronco,1985,"latin, cumbia, pachanga, tejano"
New York Tropical,Album,Various Artists,2010-11-09,"electronic, house, latin, cumbia"
Nueva Cumbia Argentina: The Buenos Aires Implosion,EP,Sonido Martines,2009-03-20,"electronic, latin, dancehall, cumbia"
El campeón,Album,Joe Arroyo y La Verdad,1982,"salsa, latin, cumbia, guaracha"
The Rough Guide to Cumbia,Album,Various Artists,2013-02-26,"latin, rough guide, cumbia"
Lo esencial de las estrellas de La hora azul,Album,Various Artists,2008,"latin, cumbia, bolero, danzón"
Puentera,Album,Sara Hebe,2012-04-24,"punk, pop punk, cumbia"
Desesperanza,Album,Meridian Brothers,2012-09-24,"cumbia, colombian experimental tropical"
Mi buenaventura,Album,Peregoyo y su Combo Vacaná,,"latin, cumbia, descarga, plena"
Cum Cumbele,Album,Michi Sarmiento y su Combo Bravo,1970,"latin, cumbia, descarga, guaguancó"
"Bone Idol, Volume 1",Album,Ashley Slater,2015-04-01,"jazz, reggae, salsa, cumbia"
M.N.D.,EP,M.A.K.U. Soundsystem,2012-11-15,"punk, psychedelic, afrobeat, cumbia"
Con sindrome de abstinencia,Album,Los Gedes,2002,"rock, ska, latin, cumbia"
La caravana mágica,Album,Gustavo Cordera,2010,"cumbia, caravana, cordera, gustavo"
De la cabeza con Bersuit Vergarabat,Album,Bersuit Vergarabat,2002,"rock, latin, candombe, cumbia"
Vamos Bien,Album,M.A.K.U. Soundsystem,2010-08-12,"punk, psychedelic, afrobeat, cumbia"
Hip Hop En Cumbia EP,EP,Quantic Y Su Conjunto Los Míticos Del Ritmo,2011-06-13,"hip hop, latin, cumbia"
Alegrando el Alma,Album,Ecuador Manta,2008-11-25,"latin, cumbia, música criolla"
Con gusto y gana,Album,Joe Arroyo y La Verdad,1981,"salsa, latin, merengue, cumbia"
Echos Hypnotiques,Album,T.P. Orchestre Poly-Rythmo,2009-11-10,"psychedelic, latin, afrobeat, cumbia"
La hija del loco,Album,Sara Hebe,2009-06-01,"punk, pop punk, cumbia"
Bersa Discos # 2,EP,Various Artists,2008,"electronic, reggae, latin, cumbia"
La Dame Blanche 2,Album,La Dame Blanche,2016-05-13,"hip hop, reggae, cumbia"
American Drift,Album,Elysia Crampton,2015-08-07,"electronic, experimental, latin, cumbia"
Mordiendo,Album,Tremenda Jauría,2016-03-05,"dubstep, punk, reggaeton, cumbia"
EP2,EP,Gypsy Ska Orquesta,2015-09-03,"punk, ska, swing, cumbia"
EP1,EP,Gypsy Ska Orquesta,2013-01-01,"punk, ska, swing, cumbia"
Joelma,Album,Joelma,2016-04-22,"latin, merengue, cumbia, forró"
Colectivo vacío,Album,Sara Hebe,2015-10-22,"punk, pop punk, cumbia"
More Madhur & Morgana,Other,The Phantom Four,2013-06-14,"rock, instrumental, afrobeat, cumbia"
Candeleros EP,EP,Candeleros,2017-09-06,"salsa, merengue, cumbia, champeta"
La cumbia del Chinche / El Boleta,Single,Candeleros,2018-12-17,"fusion, psychedelic, merengue, cumbia"
Candeleros en vivo (Sala Juglar),Album,Candeleros,2016-04-11,"salsa, merengue, cumbia, champeta"
Ojos,Album,Mente Orgánica,2018-10-26,"downtempo, folk, electronica, cumbia"
La porra caimanera,Album,Policarpo Calle y Su Conjunto,1979,"latin, cumbia, porro, guaguancó"
La negra candelosa,Album,Policarpo Calle y los Tremendos,1978,"latin, cumbia, vallenato, porro"
Mister Boogaloo,Album,Toño y sus Sicodélicos,1968,"salsa, latin, cumbia, guaguancó"
LA HISTORIA DEL BOXEO,Album,jingle django,2019-12-06,"swing, klezmer, rumba, cumbia"
Folcore 103 - Selected by Qechuaboi,Album,Qechuaboi,2019-01-31,"dub, latin, cumbia, moombahton"
Tengo un sueño qe no me deja dormir,Single,Qechuaboi,2015-12-30,"electronic, dance, latin, cumbia"
Echando un pie sin complejos,Album,Los Satélites,1974,"salsa, latin, cumbia, bolero"
En orbita,Album,Los Destellos,1969,"boogaloo, guajira, cumbia peruana"
4 Colosos de Billo I,Album,Billo's Caracas Boys,1995,"latin, merengue, cumbia, pachanga"
Tributaries: A Remix Album,Album,El Búho,2018-11-09,"electronic, electronica, folktronica, cumbia"
Gran Baile...! Con Los Caribes,Album,Los Caribes,1988,"salsa, latin, cumbia, porro"
Tierra De King Coya,Album,King Coya,2018-06-15,"electronic, dubstep, latin, cumbia"
De sur a norte,Album,Los Vásquez,2014,"pop, ballad, latin, cumbia"
DJ Bongohead presents...Big Box of Afrosound,Album,Various Artists,2015,"salsa, latin, cumbia, guaracha"
Candeleros EP,EP,Candeleros,2017-09-06,"salsa, merengue, cumbia, champeta"
Fils d' Abraham,Album,Zion Dirty Sound,2013-07-28,"reggae, dub, latin, cumbia"
Ojos,Album,Mente Orgánica,2018-10-26,"downtempo, folk, electronica, cumbia"
A Bailar Con La Orquesta Los Caribes,Album,Los Caribes,1976,"salsa, latin, merengue, cumbia"
Gran Baile...! Con Los Caribes,Album,Los Caribes,1988,"salsa, latin, cumbia, porro"
"Libérate, Volumen 1 & 2",Album,YANGA,2019-02-01,"dance, reggae, latin, cumbia"
En Orbita EP: The Remixes,EP,Superpendejos,2016-09-28,"electronic, house, latin, cumbia"
Mordiendo,Album,Tremenda Jauría,2016-03-05,"dubstep, punk, reggaeton, cumbia"
Cold Fever,Single,Matías Aguayo & the Desdemonas,2017-09-01,"electronic, house, techno, cumbia"
De mar y río remixes vol. 1,EP,Canalón de Timbiquí,2019-07-12,"electronic, downtempo, dub, cumbia"
Chineke Me,Single,Sonikgroove,2017-05-31,"dub, latin, folktronica, cumbia"
Ofelia (Cerrero dub mix),Single,Sexteto Tabalá,2019-03-29,"electronic, dub, cumbia, currulao"
Tirense con la escoba,Album,Los Mirlos,1976,"psychedelic, salsa, latin, cumbia"
Violeta Perro,Single,Sara Hebe,2017-10-02,"punk, pop punk, cumbia"
La noche,Single,Sara Hebe,2018-08,"punk, pop punk, cumbia"
El Sonido Exótico de Phantom Four,Album,The Phantom Four,2019,"rock, instrumental, afrobeat, cumbia"
Aguas Frías,Album,Kiko Villamizar,2017-04-14,"latin, merengue, cumbia, porro"
La Remolacha,Album,Kiko Villamizar,2015-01-13,"salsa, latin, cumbia, porro"
¡Tremendo Ritmo!,Album,Los Orientales de Paramonga,1973,"psychedelic, latin, cumbia, guaracha"
Los Imperial En Caracas,Album,Los Imperials En Caracas,,"salsa, latin, cumbia, guaracha"
Bugs Bunny,Single,Los Bitchos,2018-08-15,"experimental, indie pop, cumbia"
Trapdoor,Single,Los Bitchos,2018-03-01,"experimental, indie pop, cumbia"
Musique Populaire de Colombie,Album,La Máxima de Mañungo,1991,"latin, merengue, cumbia, porro"
Ramas,Album,El Búho,2020-03-27,"electronic, electronica, folktronica, cumbia"
Sabrosa salsa,Album,Pete Vicentini,1977,"salsa, latin, cumbia, guaguancó"
LA HISTORIA DEL BOXEO,Album,jingle django,2019-12-06,"swing, klezmer, rumba, cumbia"
Yemaya,Single,Mexican Institute of Sound,2020-06-26,"electronic, electronica, latin, cumbia"
La Sonora Cienaguera,Album,La Sonora Cienaguera,1962,"latin, merengue, cumbia, porro"
Atemporal,EP,KR∆UT,2020-06-15,"electronic, dance, electro, cumbia"
Cumbéalo // Tropidelico,Single,Superfónicos,2019-05-10,"indie rock, funk, cumbia"
La Maltratada,Single,La Dame Blanche,2020-09-11,"hip hop, reggae, cumbia"
Tigrada,Album,Quitapenas,2019-08-09,"salsa, cumbia, soukous, champeta"
Sabor Panameño,Album,Puerto Rico,1973,"latin, cumbia, guaracha, guajira"
Superbailables,Album,Grupo Mamduko,1990,"salsa, latin, merengue, cumbia"
"Música tropical de Colombia, vol. 2: 20 grandes éxitos",Album,Various Artists,1990,"latin, merengue, cumbia, porro"
Supermeng,Album,Los Chavos,2012-11-02,"ska, reggae, latin, cumbia"
Best Woman,Album,Vincent Ahehehinnou,2017-04-20,"afrobeat, cumbia, afro-funk"
El camaleón,EP,Chico Novarro,1963,"pop, latin, merengue, cumbia"
El gran cacique,Album,Juaneco y su Combo,1970,"psychedelic, latin, cumbia, guaracha"
Hasta agotar stock!,Album,Tio Gasheta,2011-07-21,"ska, swing, cumbia, milonga"
Fiebre,Album,Dany F,2017-03-30,"electronic, cumbia, kuduro, champeta"
Aquí Los Bravos! The Best of Michi Sarmiento y su Combo Bravo 1967-77,Album,Michi Sarmiento y su Combo Bravo,2011-04-25,"latin, cumbia, descarga, guaguancó"
The Lost Cuban Trios of Casa Marina,Album,Various Artists,2010-08-17,"latin, cumbia, bolero, ranchera"
Abya Yala,Album,Combo Chimbita,2017-06-21,"rock, punk, psychedelic, cumbia"
Resurrection Los,EP,Los Camaroes,2017-09-18,"afrobeat, cumbia, soukous, makossa"
Ricarda Cometa 2,Album,Ricarda Cometa,2018-06-01,"noise, experimental, latin, cumbia"
More Madhur & Morgana,Other,The Phantom Four,2013-06-14,"rock, instrumental, afrobeat, cumbia"
En orbita,Album,Los Destellos,1969,"boogaloo, guajira, cumbia peruana"
Desesperanza,Album,Meridian Brothers,2012-09-24,"cumbia, colombian experimental tropical"
Lo esencial de las estrellas de La hora azul,Album,Various Artists,2008,"latin, cumbia, bolero, danzón"
El campeón,Album,Joe Arroyo y La Verdad,1982,"salsa, latin, cumbia, guaracha"
The Rough Guide to Cumbia,Album,Various Artists,2013-02-26,"latin, rough guide, cumbia"
"Angola Soundtrack 2: Hypnosis, Distortion & Other Sonic Innovations 1969-1978",Album,Various Artists,2013-12-09,"latin, afrobeat, merengue, cumbia"
Mi canoita,Album,Policarpo Calle y Su Conjunto,1978,"latin, merengue, cumbia, porro"
Misa de Gallo,Single,La Sonora San Francisco,2015-06-09,"electronic, electronica, latin, cumbia"
Exótica,EP,Vate,2014-11-18,"electronic, ambient, electro, cumbia"
Corcorico,EP,Les Fines Pôlettes,2012-04-15,"funk, latin, afrobeat, cumbia"
Cum Cumbele,Album,Michi Sarmiento y su Combo Bravo,1970,"latin, cumbia, descarga, guaguancó"
Aconcagua,Album,Sistema Beat Andino,2015-09-15,"dub, latin, folktronica, cumbia"
Sakala Mois,EP,Royal Highness,2013-03-07,"latin, cumbia, kuduro, trap"
Cumbia Beat Vol. 2 (Experimental Guitar-Driven Tropical Sounds From Perú 1966/1983),Album,Various Artists,2012,"psychedelic, latin, cumbia, guaracha"
Rain,EP,Matías Aguayo,2018-11-23,"electronic, house, techno, cumbia"
La porra caimanera,Album,Policarpo Calle y Su Conjunto,1979,"latin, cumbia, porro, guaguancó"
La negra candelosa,Album,Policarpo Calle y los Tremendos,1978,"latin, cumbia, vallenato, porro"
Tributaries: A Remix Album,Album,El Búho,2018-11-09,"electronic, electronica, folktronica, cumbia"
La amenaza musical,Album,Grupo Sabotaje,1982,"salsa, latin, cumbia, guaguancó"
Echando un pie sin complejos,Album,Los Satélites,1974,"salsa, latin, cumbia, bolero"
Cumbia Libertad: A Digital Cumbia Compilation,Album,Various Artists,2016-05-16,"electronic, electro, latin, cumbia"
Culebra Coral,Single,M.A.K.U. Soundsystem,2019-11-22,"dance, reggae, latin, cumbia"
De sur a norte,Album,Los Vásquez,2014,"pop, ballad, latin, cumbia"
jingle django es un colectivo internacional de música callejera. esto es el disco de jingle django,Album,jingle django,2013-12-13,"swing, klezmer, rumba, cumbia"
A todo tren,Album,Los Diablos Rojos,,"salsa, latin, cumbia, guaracha"
Unexpected,Single,Qechuaboi,2017-12-07,"electronic, dance, latin, cumbia"
Menu,Single,Qechuaboi,2012-07,"electronic, dance, latin, cumbia"
Pour Me a Grog: The Funaná Revolt in 1990s Cabo Verde,Album,Various Artists,2019-10-14,"dance, latin, cumbia, funaná"
Las coronelas,Album,Steve Jordan,1987,"polka, latin, cumbia, ranchera"
Afritanga: The Sound of Afrocolombia,Album,Various Artists,2011,"salsa, zouk, latin, cumbia"
En estos días,Album,Regulo Caro,2016-10-07,"latin, cumbia, ranchera, corrido"
En Orbita EP,EP,Superpendejos,2018-11-18,"electronic, house, latin, cumbia"
EP2,EP,Gypsy Ska Orquesta,2015-09-03,"punk, ska, swing, cumbia"
Voces Caribes,Album,Francisco Zumaqué,1993,"pop, ballad, latin, cumbia"
¡Gózalo! Bugalú Tropical Vol.4,Album,Various Artists,2011,"salsa, latin, cumbia, mambo"
Japan Years Volume III,EP,Dolomites,2015-10-10,"electronic, punk rock, cumbia"
Cavalier Noir,Album,Le Bal Chaloupé,2020-04-24,"jazz, latin, cumbia, kuduro"
"Straight from the Decks, Vol. 2",Album,Guts,2021-04-02,"reggae, zouk, latin, cumbia"
Genero genero,Album,El Hijo de la Cumbia,2018-04-20,"reggae, dub, latin, cumbia"
Bichote-k bailable vol. 1,Album,Various Artists,2019-09-23,"electronic, techno, latin, cumbia"
Mal agradecido / Guaba,Single,Gladys Santos,1984,"salsa, latin, cumbia, guaguancó"
Tropikal Passport,Album,El Flecha Negra,2017-12-01,"reggae, fusion, latin, cumbia"
La cumbia del Chinche / El Boleta,Single,Candeleros,2018-12-17,"fusion, psychedelic, merengue, cumbia"
Tierra De King Coya,Album,King Coya,2018-06-15,"electronic, dubstep, latin, cumbia"
Dub de Gaita (El fin del mundo) vol II & III,Album,Gaiteros de San Jacinto,2017-02-24,"electronic, dub, cumbia, porro"
Mister Boogaloo,Album,Toño y sus Sicodélicos,1968,"salsa, latin, cumbia, guaguancó"
on s'appelle,Album,jingle django,2016-03-21,"swing, klezmer, rumba, cumbia"
Todo junto se escribe separado,Single,Qechuaboi,2015-06-06,"electronic, dance, latin, cumbia"
Space in Time / Time in Space,Album,Dreckig,2018-02-20,"rock, electronic, club, cumbia"
La Locura de Machuca 1975-1980,Album,Various Artists,2020-10-12,"psychedelic, afrobeat, cumbia, champeta"
Club Redy,Album,Chico Sonido,2017-04-14,"latin, reggaeton, cumbia, trap"
La Maltratada,Single,La Dame Blanche,2020-09-11,"hip hop, reggae, cumbia"
¡Tremendo Ritmo!,Album,Los Orientales de Paramonga,1973,"psychedelic, latin, cumbia, guaracha"
Pour Me a Grog: The Funaná Revolt in 1990s Cabo Verde,Album,Various Artists,2019-10-14,"dance, latin, cumbia, funaná"
Anakena,Album,Anakena,2019-10-04,"reggae, latin, cumbia, bachata"
¡Gózalo! Bugalú Tropical Vol.4,Album,Various Artists,2011,"salsa, latin, cumbia, mambo"
Yemaya,Single,Mexican Institute of Sound,2020-06-26,"electronic, electronica, latin, cumbia"
Japan Years Volume III,EP,Dolomites,2015-10-10,"electronic, punk rock, cumbia"
Tropical Florida,Album,Tropical Florida,1975,"pop, latin, cumbia, bolero"
Mister Boogaloo,Album,Toño y sus Sicodélicos,1968,"salsa, latin, cumbia, guaguancó"
LA HISTORIA DEL BOXEO,Album,jingle django,2019-12-06,"swing, klezmer, rumba, cumbia"
Tengo un sueño qe no me deja dormir,Single,Qechuaboi,2015-12-30,"electronic, dance, latin, cumbia"
Unexpected,Single,Qechuaboi,2017-12-07,"electronic, dance, latin, cumbia"
Menu,Single,Qechuaboi,2012-07,"electronic, dance, latin, cumbia"
Cumbia Libertad: A Digital Cumbia Compilation,Album,Various Artists,2016-05-16,"electronic, electro, latin, cumbia"
Chineke Me,Single,Sonikgroove,2017-05-31,"dub, latin, folktronica, cumbia"
Tirense con la escoba,Album,Los Mirlos,1976,"psychedelic, salsa, latin, cumbia"
Folcore 103 - Selected by Qechuaboi,Album,Qechuaboi,2019-01-31,"dub, latin, cumbia, moombahton"
Club Redy,Album,Chico Sonido,2017-04-14,"latin, reggaeton, cumbia, trap"
Tropical Pressure Compilation,Album,Various Artists,2020-07-03,"reggae, dub, afrobeat, cumbia"
Batea,Album,Bejuco,2021-02-19,"electronic, dub, afrobeat, cumbia"
Bichote-k bailable vol. 1,Album,Various Artists,2019-09-23,"electronic, techno, latin, cumbia"
Something Sign,Single,Juan Diego Illescas,2020-01-27,"electronic, folk, electronica, cumbia"
Bichote-k bailable vol. 2,Album,Various Artists,2020-11-20,"electronic, techno, latin, cumbia"
Pura sangre,Album,Bronco,1993-11-02,"ballad, latin, cumbia, norteño"
The Rough Guide to Peru Rare Groove,Album,Various Artists,2016-06-24,"psychedelic, salsa, latin, cumbia, mambo, descarga, boogaloo, guajira, cumbia peruana"
Fuego,Album,A.B. Quintanilla III,2004-10-05,"folk, latin pop, latin, cumbia"
Ska Cubano,Album,Ska Cubano,2004-03-15,"ska, reggae, world, latin, cumbia"
Loteria de la Cumbia Lounge,Album,Charanga Cakewalk,2004-10-05,"rock, world, latin, cumbia, tejano"
Pochy y su Cocoband,Album,Pochy y su Cocoband,1995,"salsa, latin, merengue, cumbia, soca"
Босоногий мальчик,Album,Леонид Агутин,1994,"pop, reggae, salsa, latin, cumbia"
The Roots of Chicha: Psychedelic Cumbias From Peru,Album,Various Artists,2007-09-25,"psychedelic rock, peru, cumbia peruana"
Luaka Bop: The Sound of Sound,Album,Various Artists,2007,"mpb, funk, soul, latin, cumbia"
Soy sauce,Album,Mexican Institute of Sound,2009-04-07,"electronic, hip hop, latin, cumbia"
El padrino,Album,Fulanito,1999-09-15,"pop, latin, merengue, cumbia, tejano"
Cartagena! Curro Fuentes and the Big Band Cumbia and Descarga Sound of Colombia 1962-72,Album,Various Artists,2011-03-07,"salsa, latin, cumbia, descarga, guaguancó"
Systema Solar,Album,Systema Solar,2009,"electronic, electro, breakbeat, latin, cumbia"
Follow Me,Album,Yerba Buena,2007-06-25,"electronic, hip hop, latin, cumbia"
No me hallo,Album,El Personal,1988,"rock, reggae, latin, cumbia, bolero"
Trocitos de madera,Single,La Yegros,2009-08-29,"electronic, dubstep, house, latin, cumbia"
"Boombahchero, Volume 2",Album,DJ Orion,2012,"salsa, latin, cumbia, baltimore club"
Cumbia salvaje,Album,Sonido Gallo Negro,2011,"rock, garage rock, latin, cumbia"
Musa original,Album,Joe Arroyo y La Verdad,1986,"salsa, latin, cumbia, compas, guaracha"
Salsa y montuno,Album,Los Nemus del Pacífico,1997,"salsa, latin, cumbia, son montuno"
Político,Album,Mexican Institute of Sound,2012-05-12,"hip hop, latin, podcast, cumbia"
"Pirata, Vol. 1",Album,Alfredo Casero,1999,"comedy, latin, non-music, cumbia"
Canta y no llores,Album,Kumbia Queers,2015-06-01,"electronic, punk rock, latin, cumbia"
4,Album,A.B. Quintanilla III,2003-02-25,"r b, latin, cumbia, r&b"
La frekuencia EP,EP,Paco Mendoza,2014-04-03,"electronic, dance, latin, club, cumbia"
The Skeletal Essences of Afro Funk 1969-1980,Album,Orchestre Poly-Rythmo,2013-05-03,"funk, psychedelic, latin, afrobeat, cumbia"
Mondomix Experience,Album,Various Artists,2008-03,"jazz, mpb, samba, latin, cumbia"
Bersa Discos #5,EP,Various Artists,2009-05-05,"electronic, hip hop, latin, cumbia"
1804 KIDS,Album,Kelman Duran,2017-08-04,"electronic, reggae, latin, dancehall, cumbia"
Skulltura Pt1,Album,Deela,2016-07-15,"electronic, hip hop, reggaeton, cumbia"
Balance,Album,El Búho,2017-11-01,"electronic, downtempo, electronica, latin, cumbia"
"¡Gózalo! Bugalú tropical, volume 3",Album,Various Artists,2009,"salsa, latin, cumbia, pachanga, descarga"
Trompeteros,Album,Sonora Casino,1972,"psychedelic, latin, cumbia, descarga, guaracha"
Buenaventura,Album,La Santa Cecilia,2015-12-18,"bossa nova, latin, mariachi, cumbia"
Boxeo Constitución,Album,El Remolón,2013-04-01,"electronic, house, dub, latin, cumbia"
Full Monty EP,EP,Full Monty,2014-12-16,"punk, ska, folk rock, cumbia"
Mousy EP,EP,Full Monty,2015-10-14,"punk, ska, folk rock, cumbia"
1000 Watts,Album,Quantic,2016-06-17,"electronic, jazz, reggae, dub, cumbia"
Baile Bucanero,Album,Ondatrópica,2017-02-17,"reggae, latin, dancehall, calypso, cumbia"
Toulouse,Album,Sagarroi,2004-10-28,"rock, punk, ska, latin, cumbia"
Amparito,Single,Desorden Público,2015-11-18,"rock, ska, reggae, rocksteady, cumbia"
− + I = +,Album,+,1996,"rock, electronic, industrial, experimental, cumbia"
K le pasa,Single,El Dusty,2011-11-28,"electronic, latin, electro house, cumbia"
Sonora Borinquen,Album,Sonora Borinquen,1970,"latin, cumbia, bolero, guaracha, plena"
Going Back to Cali: Cut Chemist's Colombian Crates Remixed,Album,Cut Chemist,2017-06-21,"hip hop, salsa, cumbia, porro"
Especias EP,EP,Kraut,2016-05-20,"electronic, dance, house, electro, cumbia"
Coco Avenges,Album,Bicicletas Por La Paz,2017-05-05,"rock, reggae, psychedelic, latin, cumbia"
K le pasa (remix),Single,El Dusty,2011-11-28,"electronic, latin, electro house, cumbia"
From New York,Album,Orquesta Novel,1989,"salsa, latin, merengue, cumbia, bolero"
Traigo salsa,Album,Los Papasotes,1973,"salsa, latin, cumbia, guaracha, guaguancó"
Vol. 3,Album,Los Madrugadores Del Valle,1980,"latin, cumbia, bolero, ranchera, norteño"
En la cumbre,Album,Los Destellos,1970,"rock, psychedelic, latin, cumbia, guajira"
Republica Moderna,Album,Solo Moderna,2019-12-16,"ska, swing, cumbia, ragga, mento"
Son Palenque Feat El 'Leon Pardo' (Cerrero Dub Mix),Single,Son Palenque,2018-09-04,"reggae, dub, latin, afrobeat, cumbia"
Romie (Remix),Single,Deela,2017-09-01,"electronic, hip hop, reggaeton, cumbia"
La Ceremonia,EP,Deela,2018-03-29,"electronic, downtempo, house, reggaeton, cumbia"
Ritmo Y Sabor Con Los Imperial's,Album,Los Imperial's,1971,"electronic, salsa, latin, merengue, cumbia"
Mogadisco - Dancing Mogadishu - Somalia 1972-1991,Album,Various Artists,2019-11-25,"reggae, funk, disco, afrobeat, cumbia"
Animal Feel,Album,Zoonido,2014-10-10,"electronic, house, techno, latin, cumbia"
Remixes & Singles,Single,Zoonido,2016-03-09,"electronic, house, techno, latin, cumbia"
Fuego,Single,A.B. Quintanilla III,2004,"electronic, latin, tribal house, cumbia"
Is Dance,EP,Zoonido,2016-02-23,"electronic, house, techno, latin, cumbia"
Piñata,EP,Zoonido,2019-02-19,"electronic, house, techno, latin, cumbia"
La oscuridad bailable,Album,Kumbia Queers,2019-01-07,"punk rock, latin, reggaeton, cumbia"
Clan Tropical,Album,clan tropical,1977,"salsa, latin, cumbia, guaracha, guaguancó"
Palenke vs. Palenque,Album,Palenke Soultribe,,"electronic, electro, leftfield, latin, cumbia"
Zoonidotheque,EP,Zoonido,2016-02-23,"electronic, house, techno, latin, cumbia"
Si Si Si,Single,Abelardo Carbono,2020-04-04,"salsa, latin, afrobeat, cumbia, champeta"
Industria tropical,Album,Various Artists,2015-11-11,"electronic, industrial, experimental, latin, cumbia"
Cumbia Reaction,Single,Rolando Bruno y Su Orquesta Midi,2016,"rock, garage rock, latin, cumbia"
Ves lo que quieres ver,Album,Bareto,2012,"reggae, dub, latin, merengue, cumbia"
Cumbia XXX,EP,Munchi,2010-07-14,"electronic, house, reggae, latin, cumbia"
El viaje de la cumbia,Album,Sonora Marta la Reina,2015-09-01,"latin, cumbia, vallenato, porro, chamamé"
El brujo,Album,Juaneco y su Combo,1975,"rock, psychedelic, latin, cumbia, bolero"
Ahomale,Album,Combo Chimbita,2019-05-03,"rock, punk, psychedelic, latin, cumbia"
Llego El Combo,Album,Super Spanish Combo,2012,"hip hop, salsa, latin, cumbia"
Baile Bucanero,Album,Ondatrópica,2017-02-17,"reggae, latin, dancehall, calypso, cumbia"
El viaje de la cumbia,Album,Sonora Marta la Reina,2015-09-01,"latin, cumbia, vallenato, porro, chamamé"
Vitalys,Album,Neenboo,2018-05-05,"electronic, ambient, funk, latin, cumbia"
Ves lo que quieres ver,Album,Bareto,2012,"reggae, dub, latin, merengue, cumbia"
From New York,Album,Orquesta Novel,1989,"salsa, latin, merengue, cumbia, bolero"
16 grandes éxitos,Album,Peñaranda y Su Acordeón,1964,"latin, merengue, cumbia, vallenato, porro"
La danza del petrolero,Album,Los Wembler's de Iquitos,1975,"psychedelic, ballad, latin, cumbia, guaracha"
Canta y no llores,Album,Kumbia Queers,2015-06-01,"electronic, punk rock, latin, cumbia"
Cumbia XXX,EP,Munchi,2010-07-14,"electronic, house, reggae, latin, cumbia"
Mousy EP,EP,Full Monty,2015-10-14,"punk, ska, folk rock, cumbia"
The Skeletal Essences of Afro Funk 1969-1980,Album,Orchestre Poly-Rythmo,2013-05-03,"funk, psychedelic, latin, afrobeat, cumbia"
Traigo salsa,Album,Los Papasotes,1973,"salsa, latin, cumbia, guaracha, guaguancó"
Son Palenque Feat El 'Leon Pardo' (Cerrero Dub Mix),Single,Son Palenque,2018-09-04,"reggae, dub, latin, afrobeat, cumbia"
Hotline Bling/Doombia,Single,Quantic,2018-05-11,"electronic, hip hop, latin, cumbia"
Emergency Exits,Single,Colorblind Dilemma,2019-11-16,"rock, pop, folk, metal, cumbia"
Mahadhi 3000,EP,Qechuaboi,2020-05-01,"electronic, dance, latin, club, cumbia"
El Sorbito,Single,Qechuaboi,2016-09-30,"electronic, dance, latin, cumbia, footwork"
En la cumbre,Album,Los Destellos,1970,"rock, psychedelic, latin, cumbia, guajira"
Dinamita,Album,La Sonora Dinamita,1961,"latin, cumbia, bolero, guaracha, porro"
Fuiste a Acapulco,Album,Los Xochimilcas,1966,"pop, latin, cumbia, bolero, guaracha"
Cumbia Reaction,Single,Rolando Bruno y Su Orquesta Midi,2016,"rock, garage rock, latin, cumbia"
Trompeteros,Album,Sonora Casino,1972,"psychedelic, latin, cumbia, descarga, guaracha"
¡Live at the Dust Ballroom!,Album,Chicha Dust,2013-09-07,"rock, psychedelic, cumbia, desert rock"
Katakana Edit Vol.27,EP,ManJah,2015-04-24,"reggae, soul, breaks, dancehall, cumbia"
Katakana Edits Vol.25,EP,ManJah,2015-03-27,"reggae, soul, breaks, dancehall, cumbia"
Cumbiadelica,EP,ManJah,2013-06-23,"reggae, soul, breaks, dancehall, cumbia"
Strange Fruit,EP,ManJah,2013-06-24,"reggae, soul, breaks, dancehall, cumbia"
Katakana Edits Vol.08,EP,ManJah,2012-11-30,"reggae, soul, breaks, dancehall, cumbia"
Lo bueno está aquí,Album,Contento,2020-11-06,"punk, salsa, latin, cumbia, champeta"
Mayahuel,EP,Sávila,2021-05-07,"folk, experimental, latin, cumbia, r&b"
Sávila,Album,Sávila,2018-08-17,"folk, experimental, latin, cumbia, r&b"
Cumbia Cosmonauts & The Radio Africa Band,Album,Cumbia Cosmonauts,2019-01-09,"electronic, reggae, latin, dancehall, cumbia"
K le pasa (remix),Single,El Dusty,2011-11-28,"electronic, latin, electro house, cumbia"
Republica Moderna,Album,Solo Moderna,2019-12-16,"ska, swing, cumbia, ragga, mento"
Fuego,Single,A.B. Quintanilla III,2004,"electronic, latin, tribal house, cumbia"
Cumbiana,Album,Carlos Vives,2020-05-22,"pop, latin, reggaeton, cumbia, vallenato"
Color de Trópico Compiled by El Drágon Criollo & El Palmas,Album,El Palmas Music,2020-11-20,"pop, jazz, salsa, latin, cumbia"
Lilium,EP,Kraut,2020-10-08,"electronic, downtempo, dance, electro, cumbia"
Humos Vol. 2,EP,Dengue Dengue Dengue,2020-05-02,"electronic, dub, latin, cumbia, footwork"
Black Beach,EP,Crudo Pimento,2016-05-13,"rock, metal, blues, experimental, cumbia"
Humos Vol. 1,EP,Dengue Dengue Dengue,2020-05-01,"electronic, dub, latin, cumbia, footwork"
Tropico Balkanico,Album,La Mercosur,2012,"gypsy jazz, latin, klezmer, cumbia"
Humos Vol. 3,EP,Dengue Dengue Dengue,2020-05-29,"electronic, dub, latin, cumbia, footwork"
Bienaventuranza Remixes EP,EP,Chancha Vía Circuito,2019-05-17,"electronic, house, latin, digital cumbia"
Visiones,EP,Nicola Cruz,2017-03-06,"electronic, deep house, latin, cumbia"
La Clavada,Album,La Cumbia Moderna de Soledad,1979,"funk, soul, salsa, afrobeat, cumbia"
Cuatro Vientos,Album,Sonido Pesao,2014-02-28,"hip hop, funk, merengue, cumbia"
Anthologie,Album,Sergent Garcia,2013-12-16,"reggae, salsa, latin, cumbia, ragga"
Selected Works,Album,Tony Gallardo,2022-01-14,"electronic, techno, grime, cumbia, trap"
El rock de la langosta / Margarita,Single,Various Artists,1980,"rock, garage rock, latin, cumbia"
Vida truncada,Album,Los Ases de Durango,1976,"latin, cumbia, bolero, ranchera, norteño"
Calec,Album,Tharyk,2021-12-03,"latin pop, latin, reggaeton, cumbia"
Chico Lessa,Album,Chico Lessa,1982,"funk, soul, salsa, afrobeat, cumbia"
Cantando y tomando,Album,Ricky Naranjo y Los Gamblers,2005,"latin, cumbia, ranchera, tejano, corrido"
Simiolo Remixes EP,EP,Dengue Dengue Dengue!,2013-09-13,"electronic, dance, latin, club, cumbia"
Piñata,EP,Zoonido,2019-02-19,"electronic, house, techno, latin, cumbia"
Clan Tropical,Album,clan tropical,1977,"salsa, latin, cumbia, guaracha, guaguancó"
La oscuridad bailable,Album,Kumbia Queers,2019-01-07,"punk rock, latin, reggaeton, cumbia"
How Sweet The Sound,Album,G.Rag y los Hermanos Patchekos,2018-07-06,"folk, country, cajun, latin, cumbia"
Una Oportunidad más de triunfar en la vida,Album,Los Pirañas,2025-03-07,"experimental rock, cumbia colombiana, tropicanibalismo"
El Ciclón,Single,La Fragua Band,2020-04-08,"fusion, latin rock, latin, cumbia"
Sola Solita,Single,La Fragua Band,2019-12-21,"fusion, latin rock, latin, cumbia"
Heavy salsa,Album,Sonora Carruseles 98,1998-08-11,"salsa, latin, cumbia, pachanga, descarga"
El fogotón,Album,Espíritu Docente,2008-06,"rock, folk, ska, reggae, comedy, comedy rock, latin rock, latin, cumbia, cumbia argentina"
Sin pelos en la lengua,Album,Los Picantes,2003-08,"rock, ska, latin, cumbia, pachanga, ranchera"
Putumayo Presents: Latin Lounge,Album,Various Artists,2005-09-05,"electronic, downtempo, tango, lounge, latin, cumbia"
Colors Music: Cumbia,Album,Various Artists,2003,"electronic, folk, country, world, latin, cumbia"
Diablos del ritmo: The Colombian Melting Pot 1960-1985,Album,Various Artists,2012-11-12,"salsa, latin, afrobeat, cumbia, porro, champeta"
Luz Interpretations,Album,Luz Mob,2007-01-23,"electronic, downtempo, reggae, dub, latin, cumbia"
Las Americas V.1,Single,Ghislain Poirier,2010,"electronic, house, latin, cumbia, garage house"
Bizitza triste eta ederra,Album,Joxe Ripiau,2000,"rock, ska, folk rock, latin, cumbia"
Éxitos y recuerdos,Album,Selena,1996,"electronic, 90s, spanish, latin, cumbia, tejano"
Cualquiera puede cantar!!!,Album,Los Auténticos Decadentes!,1997,"rock, pop rock, latin, cumbia, pachanga"
Puro Show / Puro Rock,Single,El Combo Chimbita,2014-04-07,"dance, ska, reggae, latin, cumbia, descarga"
Amansará,Album,Chancha Vía Circuito,2014-09-23,"electronic, electro, hip hop, latin, cumbia"
Actitud calle,Album,Los de Abajo,2010-09-27,"rock, ska, hip hop, latin, cumbia"
Cycles of Existential Rhyme,Album,Chicano Batman,2014-02-18,"rock, indie rock, psychedelic, latin, cumbia"
Mi amor sobre la arena,Album,Natacha,1997,"electronic, salsa, latin, euro house, cumbia"
Carajo Colombia,Album,DJ Orion,2010,"breakbeat, salsa, latin, cumbia, baltimore club"
Ciao Bella!,Album,Candie Hank,2013-04-12,"electronic, dance, idm, electro, electronica, cumbia"
Buzzrock Warrior,Album,Jahdan Blakkamoore,2009-09-15,"electronic, dubstep, reggae, latin, dancehall, cumbia"
Erste Welt,Album,Raggabund,2006-05-12,"hip hop, reggae, latin, cumbia, ragga"
El ritmo latino 2,Album,Various Artists,1996,"salsa, latin, merengue, rumba, cumbia, vallenato"
Border: La línea,Album,Lila Downs,2001-07-03,"folk, world, 2000s, latin, 2001, cumbia"
Selena,Album,Various Artists,1998,"pop, mexican, ballad, latin, cumbia, norteño"
Bersa Discos #6,EP,Sabo,2009-10-13,"hip hop, reggae, latin, dancehall, cumbia"
Más Sonido Tour 2013 EP,EP,Raggabund,2013-10-25,"hip hop, reggae, latin, cumbia, ragga"
Picotero,Album,Monareta,2008-12-16,"electronic, bossa nova, leftfield, latin, cumbia"
In Limbo,Album,Rafiralfiro,2010-12-03,"electronic, ambient, folk, trip hop, cumbia"
Canta pa'lante y pa'tras,Album,Joseíto Mateo,,"latin, merengue, cumbia, bolero, boogaloo, guaracha"
"ZZK Sound, Volume 1: Cumbia Digital",Album,Various Artists,2008-03-02,"electronic, downtempo, reggae, latin, dancehall, cumbia"
Rito esclavo,Album,Pedro Laza y sus Pelayeros,1961,"funk, soul, latin, cumbia, mambo, porro"
Buena Medicina,Album,Raggabund,2015-06-26,"hip hop, reggae, latin, cumbia, ragga"
El maravilloso mundo de...,Album,Abelardo Carbonó y Su Conjunto,2013,"psychedelic, latin, afrobeat, cumbia, compas, champeta"
Todo esta muy Normal,Single,Desorden Público,2015-02-09,"rock, punk, ska, reggae, rocksteady, cumbia"
Latina,Album,Thalía,2016-05-06,"pop, salsa, latin pop, latin, cumbia"
Con Tiempo,Single,Hammond Classics,2016-12-28,"hip hop, reggae, funk, latin, cumbia"
Ojos vicheros,EP,Quantic,2017-11-10,"electronic, jazz, reggae, funk, soul, cumbia"
Super bailables del año,Album,Various Artists,1999,"salsa, latin, merengue, rumba, cumbia, vallenato"
Cumbia Punk 201666,Album,Anarkia Tropikal,2016,"rock, punk, psychedelic rock, latin, cumbia"
E Ye Ye,EP,Quantic,2018-01-12,"electronic, jazz, reggae, funk, soul, cumbia"
Musica Demoledora,Album,Julián y su Combo,1969,"latin, cumbia, pachanga, descarga, guaracha, guajira"
XXV,Album,New Cool Collective,2018-09-14,"jazz, ska, big band, latin, cumbia"
Camino de flores,Album,El Búho,2018-12-14,"electronic, downtempo, electronica, neofolk, folktronica, cumbia"
Desprecio,Album,Los Madrugadores Del Valle,1979,"latin, cumbia, bolero, ranchera, norteño, corrido"
Tempestad Musical,Album,Los Caribes,1979,"flamenco, salsa, latin, rumba, cumbia, mambo"
Hoy Cumple Sus 15 Años - Mi Niña Bonita,Album,Tomas De San Julian,1966,"pop, ballad, latin, cumbia, copla, pasodoble"
Los Madrugadores Del Valle,Album,Los Madrugadores Del Valle,1984,"latin, cumbia, bolero, ranchera, norteño, corrido"
Shuffle Them Shoes,Single,Quantic,2016-11-25,"electronic, jazz, reggae, funk, soul, cumbia"
Super refresco,EP,Alberto Azul,2014-08-31,"rock, pop, punk, bossa nova, cumbia"
Salicorne (Remixes),EP,Sauvage FM,2016-02-26,"folk, punk, electro, indie, club, cumbia"
"Eddie ""Lalo"" Torres Is Everywhere!",Album,Eddie 'Lalo' Torres y su Conjunto,1996,"polka, latin, cumbia, bolero, ranchera, tejano"
Remixes,Album,Candeleros,2019-10-22,"downtempo, dub, minimal, deep house, cumbia"
La Junta Sound System REMIX,EP,Quitapenas,2016-04-12,"electronic, latin, folktronica, cumbia, soukous, champeta"
Ojos azules,Album,Los Destellos,1976,"psychedelic, latin, calypso, cumbia, descarga, guaguancó"
Sicodélicos,Album,Los Destellos,2016,"rock, psychedelic rock, latin, cumbia, guajira"
Móntate en el viaje,Album,Cero39,2013-05-17,"electronic, dance, electronica, latin, club, cumbia"
De La Muerte,EP,Dj Dus,2010-07-27,"electronic, instrumental, hip hop, latin, cumbia"
Jugando con cleta,Album,Peñaranda y Su Acordeón,1964,"latin, merengue, cumbia, vallenato, porro, plena"
Doombia,Single,Quantic,2018-06-01,"electronic, jazz, reggae, funk, soul, cumbia"
Repeating Night / Weather,Single,The Mauskovic Dance Band,2017-04-01,"electronic, no wave, latin, afrobeat, cumbia"
New York Latin Hits,Album,Blanca Star Olivera,2006-01-01,"latin pop, tropical, cumbia & salsa"
Waykiki Boys EP,EP,Waykiki Boys,2016-03-26,"electronic, electro, surf rock, latin, cumbia"
Viene de mí,Album,La Yegros,2013-05-13,"electronic, reggae, dub, latin, dancehall, cumbia"
Mis primeras grabaciones,Album,Selena,1984,"pop, ballad, latin, cumbia, bolero, tejano"
La gran estafa del tropipunk,Album,Kumbia Queers,2010-12-12,"rock, punk, punk rock, latin, cumbia"
Constelación,Album,Los Destellos,1971,"rock, latin, calypso, cumbia, descarga, guaguancó"
Prender el alma,Album,Nicola Cruz,2015-10-30,"electronic, downtempo, house, leftfield, latin, cumbia"
Pelu y pelao,Album,Louie Colon y su Combo,1975,"salsa, latin, merengue, cumbia, bolero, guaguancó"
Curva contracurva,Album,El Sonido Real,2015-02-05,"hip hop, indie, dancehall, reggaeton, cumbia"
El Talento Unico De Los Rivero,Album,Los Rivero,1969,"pop, latin, cumbia, bolero, guaracha, guajira"
Arrollando,Album,Los Destellos,1973,"rock, psychedelic, latin, cumbia, descarga, guaguancó"
A mi San Antonio,Album,Eva Ybarra y su Conjunto,1994,"polka, latin, cumbia, bolero, ranchera, norteño"
Flores para los muertos,Album,Nana Pancha,2009,"rock, punk, ska, reggae, latin, cumbia"
Cumbia siglo XXI,Album,Meridian Brothers,2020-08-01,"electronic, experimental, psychedelic, art rock, cumbia"
Clase aparte,Album,Los Destellos,1971,"psychedelic, latin, cumbia, descarga, bolero, guaracha"
Rumba jarocha,Album,Gore Matraka,2013-05-13,"rumba, cumbia, guaracha, plena, guaguancó, songo"
La Plata,EP,Quantic,2014-09-08,"electronic, jazz, reggae, funk, soul, cumbia"
Duvidó,Single,Quantic,2014-02-28,"electronic, jazz, reggae, funk, soul, cumbia"
Alhaja,Album,Miss Bolivia,2010,"hip hop, reggae, latin, dancehall, cumbia"
Cosmic Disco,Album,nemanja,2020-07-17,"funk, disco, lo-fi, afrobeat, cumbia"
Trujillo - Perú 1971-1974,Album,Manzanita y Su Conjunto,2021,"latin, afrobeat, cumbia, jazzthing, jazzthing 140"
Dallas Cumbiaholic 4,Album,Erick Jaimez,2018-11-03,"house, electro, crunk, latin, cumbia, trap"
Freedom Is Free,Album,Chicano Batman,2017-01-01,"rock, funk, soul, psychedelic, latin, cumbia"
Almas conectadas,Album,Quantic,2021-10-22,"electronic, jazz, reggae, funk, soul, cumbia"
20 exitos bailables,Album,Blancarena,,"pop, ballad, latin pop, latin, cumbia"
Bicicleta,Single,Marcos Valle,2022-01-21,"funk, soul, disco, salsa, afrobeat, cumbia"
Worldwide Ting Vol. 2,EP,Uproot Andy,2013-08-27,"electronic, salsa, latin, reggaeton, raï, cumbia"
Super bailables del año 2013,Album,Various Artists,2013,"salsa, latin, reggaeton, merengue, cumbia, vallenato"
A mil,Album,Cruzando el Charco,2017-02-20,"rock, alternative rock, folk rock, pop rock, latin rock, candombe, cumbia, fusion rock, cumbia argentina"
Welcome to Haiti: Creole 101,Album,Wyclef Jean,2004-08-03,"rock, hip hop, latin, reggaeton, merengue, cumbia"
La camisa negra,Single,Juanes,2004,"rock, electronic, pop, pop rock, latin, cumbia"
Rodante: Vinyl Sampler,EP,Chancha Vía Circuito,2008-10,"hip hop, reggae, dub, latin, dancehall, cumbia"
Una sangre: One Blood,Album,Lila Downs,2004-06-07,"folk, 2004, world, 2000s, latin, mexico, cumbia"
The Rough Guide to the Music of Venezuela,Album,Various Artists,2003,"folk, blues, salsa, latin, rough guide, cumbia"
Barrio bravo,Album,Celso Piña,2001-05-22,"hip hop, latin, 00s, cumbia, vallenato, norteño"
"Live, The Last Concert",Album,Selena,2001,"electronic, pop, 90s, spanish, latin, cumbia, tejano"
Lost Tapes EP,EP,Paco Mendoza,2013-04-02,"electronic, dance, hip hop, latin, club, cumbia"
LXTVNY EP,EP,DVVLLXNS,2012-07-07,"electronic, dub, dark ambient, musique concrète, cumbia"
Ceremony,Album,Mexicans With Guns,2011,"electronic, experimental, hip hop, glitch, latin, cumbia"
Los Destellos,Album,Los Destellos,1967,"rock, psychedelic, latin, cumbia, descarga, bolero, guajira"
Atropolis,Album,Atropolis,2010,"electronic, dubstep, latin, reggaeton, broken beat, cumbia"
Mehr Sound,Album,Raggabund,2012-02-24,"hip hop, reggae, latin, dancehall, cumbia, ragga"
Very Very Well,Album,Lito Barrientos y su Orquesta,1965,"rock, rock and roll, latin, cumbia, porro"
Crucial Cuts,Album,Fidel Nadal,2009-02-17,"reggae, roots reggae, latin, dancehall, cumbia, ragga"
Sigue tu camino: Versiones y remixes,Album,Los Auténticos Decadentes,2004,"rock, pop, alternative rock, latin, cumbia, pachanga"
Mi vida loca,Album,Los Auténticos Decadentes,1995,"rock, pop, pop rock, latin, cumbia, pachanga"
King Changó,Album,King Changó,1996-08-27,"ska, reggae, rocksteady, latin, dancehall, tribal, cumbia"
Rei Momo,Album,David Byrne,1989-09-25,"rock, pop rock, latin, cumbia, latin alternative"
Mis mejores canciones • 17 super éxitos,Album,Selena,1993,"electronic, 90s, spanish, mexican, latin, cumbia, tejano"
Tropical Discotheque,Album,Sofrito,2011-03-15,"disco, salsa, latin, cumbia, vallenato, soukous, timba"
Leyendas urbanas,Album,Chupacabras,2011,"ska, hip hop, reggae, latin, afrobeat, cumbia"
La Revancha en Cumbia,Album,Gotan Project,2011-10-17,"electronic, downtempo, tango, latin, trip hop, cumbia"
Toma Tu Jabón Kapax,Album,Los Pirañas,2012-12-24,"noise, experimental rock, noise rock, latin, cumbia"
Teleiste Mouska,Album,Crudo Pimento,2017-03-03,"rock, metal, blues, experimental, hip hop, cumbia"
Nuevo tumbao,Album,Los Corraleros,1969,"latin, cumbia, pachanga, vallenato, corrido, porro, guajira"
Las Valdemar,EP,Las Valdemar,2015-09-01,"rock, pop, flamenco, indie, latin, cumbia, bolero"
Radio Afro Mexica,Album,B-Side Players,2009,"rock, jazz, reggae, salsa, latin, afrobeat, cumbia"
Electric Monkey Sessions 2,Album,New Cool Collective,2017-11-24,"jazz, ska, psychedelic, big band, latin, cumbia"
German Army & Bloque del Sur,EP,German Army,2017-12-05,"industrial, folk, post-punk, ebm, drone, cumbia"
Fried Speakers,Album,Monareta,2010,"rock, electronic, punk, bossa nova, latin, cumbia"
Con Sabor,Single,Sidi Wacho,2015-09-07,"punk, electro, hip hop, indie, club, cumbia"
Los Cuentos,EP,Hammond Classics,2017-07-20,"folk, hip hop, reggae, funk, latin, cumbia"
Kiñe Newen Tüin - Una Sola Fuerza,Album,Sandino Rockers,2004,"rock, pop, punk, ska, reggae, latin, cumbia"
Psicodelia cosa seria,Album,Faauna,2015-06-04,"electronic, hip hop, reggae, dub, cumbia, moombahton"
Arrancandonga,Album,Mariana Ingold,2018-10-29,"instrumental, fusion, jazz fusion, latin, candombe, cumbia"
¿Dónde Estás María?,Album,Meridian Brothers,2017-09-08,"electronic, experimental, psychedelic, art rock, latin, cumbia"
La diversión que hacía falta en mi país,Album,Los Pirañas,2015-04-11,"noise, experimental rock, noise rock, latin, cumbia"
Cruzando,EP,DJ Lengua,2010-12-07,"electronic, downtempo, experimental, hip hop, latin, cumbia"
Y Su Descarga Internacional,Album,Bosq,2020-10-23,"house, funk, disco, salsa, latin, afrobeat, cumbia"
Fantasy,EP,Knarsetand,2015,"electronic, big beat, garage punk, breakbeat, cumbia"
Warning Danger Riot Time,EP,El Gran Silencio,2016-02-19,"rock, punk, reggae, latin, cumbia, ragga, vallenato"
Theme From Selva,Single,Quantic,2020-10-30,"electronic, jazz, reggae, funk, soul, disco, cumbia"
Ed Wilcox & Antony Milton & M3Y,EP,Ed Wilcox,2020-01-14,"noise, folk, free jazz, free improvisation, cumbia"
Yarana / Marula,Single,The Phantom Four,2020-02-28,"rock, instrumental, disco, psychedelic rock, afrobeat, cumbia"
El Señor De La Salsa,Album,Camilo Azuquita,1992,"salsa, latin, merengue, cumbia, bolero, guaguancó, guajira"
La amenaza verde,Album,Los Wembler’s de Iquitos,1975,"rock, psychedelic rock, psychedelic, latin, cumbia, guaracha"
Curao,Album,Quantic,2017-05-12,"electronic, jazz, reggae, funk, soul, latin, cumbia"
Raw,EP,Donna Summer,2010-03-02,"electronic, dubstep, house, breaks, uk garage, cumbia"
Fiesta en Colombia,Album,Pacho Galán Y Su Orquesta,1956,"jazz, big band, latin, merengue, cumbia, porro"
The Link Is About to Die,Single,Los Bitchos,2019-10-11,"rock, pop, experimental, indie pop, latin, cumbia"
Se armó la moña en carnaval,Album,Joe Arroyo,2005-05-10,"reggae, salsa, latin, reggaeton, cumbia, compas, champeta"
Dangerous Reggae Music,Album,ManJah,2013-06-23,"ska, reggae, soul, breaks, dancehall, cumbia, ragga"
Live Teatro Pedro Quintero,Album,DEvSEb,2023-09-08,"downtempo, pop, industrial, ambient, experimental, cumbia, dreampunk"
Silencio,Album,Karen y Los Remedios,2023-09-08,"downtempo, latin, trip hop, cumbia, latin alternative"
en retard à la révolution,Album,jingle django,2017-06-04,"world, spain, swing, klezmer, rumba, cumbia, gipsy"
Imaginary Island Music Vol.1: Canary Islands,Album,Lagoss,2020-10-09,"electronic, ambient, experimental, avant-garde, cumbia, exotica"
Disco Popular,Album,Mexican Institute of Sound,2017-11-10,"electronic, hip hop, reggae, latin, reggaeton, cumbia"
Taquachito Nights,Album,Various Artists,1999-06-27,"polka, latin, cumbia, bolero, ranchera, norteño, corrido"
A Patricia,Single,Par Avion,2018-02-01,"rock, pop, instrumental rock, surf rock, cumbia"
Los Zantos,Album,Los Zantos,,"rock, psychedelic rock, garage rock, latin, cumbia"
Perro Avion,Album,Par Avion,2020-11-20,"rock, pop, instrumental rock, surf rock, cumbia"
Azul,Album,Roberto López,2012-05-29,"latin jazz, cumbia, porro, afro colombian jazz"
Super bailables del año: Rompe con todo,Album,Various Artists,2011,"salsa, latin, reggaeton, merengue, rumba, cumbia, vallenato"
"Guasá, Cununo Y Marimba: Afro-Colombian Songs From the Pacific Coast",Album,Various Artists,2020-03-24,"funk, soul, salsa, afrobeat, cumbia, música criolla"
Este Mundo,Album,Rupa & the April Fishes,2009-10-27,"folk, reggae, gypsy jazz, latin, latin jazz, cumbia"
The Rough Guide to Central America,Album,Various Artists,2001,"folk, reggae, salsa, latin, rough guide, cumbia, trova"
Rodante,Album,Chancha Vía Circuito,2008-01-07,"electronic, hip hop, reggae, dub, latin, dancehall, cumbia"
Porque soy sonidero y voy a muchos lugares,Album,DJ /rupture,2008-07,"electronic, dubstep, hip hop, reggae, latin, dancehall, cumbia"
"Panama! 2: Latin Sounds, Cumbia Tropical & Calypso Funk on the Isthmus 1967-77",Album,Various Artists,2009-06-01,"funk, salsa, latin, calypso, cumbia, descarga, boogaloo, guaguancó"
Death of the Revolution,Album,Quantic,2008-07-14,"electronic, downtempo, reggae, dub, latin, cumbia, descarga, boogaloo"
Deux Mille Deux / Oh Ba Ju Li,EP,Sygaire,2006-10-02,"electronic, zouk, latin, broken beat, cumbia, tropical house"
Tout va bien,EP,Babylon Circus,1999,"rock, alternative rock, ska, reggae, latin, cumbia, pachanga"
Méjico máxico,Album,Mexican Institute of Sound,2005,"rock, electronic, house, electro, hip hop, latin, cumbia"
Dances of Resistance,Album,Babylon Circus,2004-05-10,"rock, alternative rock, ska, reggae, latin, cumbia, pachanga"
¿Qué pasó?,Album,Little Joe,1992-10-01,"pop, ballad, latin, cumbia, bolero, ranchera, norteño, tejano"
Maleza,Album,Las Malas Amistades,2012,"rock, pop, folk, experimental, indie rock, latin, cumbia"
El magnifico,Album,Joe Cotto y su Orquesta,1966,"latin, merengue, cumbia, descarga, bolero, guaracha, son montuno"
En son de paz,Album,Frikstailers,2012,"electronic, electro, hip hop, reggae, dub, latin, cumbia"
En París – Live à FIP,Album,Lila Downs,2010-04,"jazz, folk, spanish, world, fusion, latin, mexico, cumbia"
Ancienne Belgique Vol. 3,Album,Calexico,2016-04,"rock, reggae, folk rock, country rock, latin, cumbia"
Ela sto rythmo,Album,Vasilikos Social Club,2002-11-01,"folk, bossa nova, salsa, latin, rumba, cumbia, rebetiko"
One Night in Bogota,EP,Kill Emil,2012-04-09,"downtempo, hip hop, latin, cumbia, instrumental hip hop"
La Onda Vampi,Album,Various Artists,2011,"jazz, flamenco, soul, latin, afrobeat, highlife, rumba, cumbia"
Salvemos nuestro folclor / Carnavalito infernal y cosas chéveres,Single,Los Pirañas,2013-09-22,"noise, experimental rock, noise rock, latin, cumbia, champeta"
Rareplays,EP,JMKR,2014-06-06,"dub, deep house, tech house, latin, folktronica, cumbia"
Cumbia Futura EP,EP,6Blocc,2014-04-30,"electronic, jungle, dubstep, edm, cumbia, footwork, juke, trap"
Cumbia de las Flores,EP,Nochi,2016-12-22,"electronic, hip hop, dub, electronica, cumbia, footwork, trap"
Klein Gevaarlijk Afval,Album,Schroothoop,2020-05-27,"instrumental, jazz, folk, free jazz, rumba, cumbia, exotica"
STE CD 12 - Afro Tribe,Album,DJ Stefan Egger,2003,"electronic, pop, reggae, latin, reggaeton, euro house, cumbia"
Logos,Album,Dos Santos,2018-06-15,"jazz, progressive, soul, psychedelic, no wave, latin, cumbia"
Miau,Album,Miss Bolivia,2013-10-22,"dubstep, hip hop, reggae, funk, dancehall, cumbia, moombahton"
Coasting EP,EP,Monster Rally,2012-11-13,"hip hop, funk, indie, soul, psychedelic, cumbia, exotica"
Romance Inolvidable (Unforgettable Romance),Album,Eva Ybarra y su Conjunto,1996,"country, tango, polka, latin, cumbia, bolero, ranchera, corrido"
Listen First Ask Questions Later,EP,ManJah,2015-12-08,"new wave, reggae, soul, breaks, latin, dancehall, cumbia"
El Sabanero,Single,Happy Sound,2020-11-27,"latin pop, porro, electro cumbia, latamtronica, electro porro"
Humans in a Pool,Album,Takeshi’s Cashew,2021-06-04,"rock, electronic, krautrock, disco, psychedelic, latin, afrobeat, cumbia"
Crudo Pimento,Album,Crudo Pimento,2013-07-22,"rock, metal, blues, experimental, delta blues, cumbia, mento"
Juntos,Album,¡ESSO! Afrojam Funkbeat,2017-09-08,"dance, funk, chicago blues, latin, afrobeat, reggaeton, cumbia"
Latin Garden 2,Album,Various Artists,2006,"reggae, tango, bossa nova, latin, reggaeton, cumbia, ragga"
rAreZaS,Album,República Cachi,2016-04-25,"punk, punk rock, ska punk, hardcore punk, cumbia"
Esencia,Album,Cruzando el Charco,2024-05-23,"rock, pop rock, latin rock, cumbia, fusion rock"
Urbanismo primitivo,Album,Various Artists,2021-09-20,"industrial, folk, lo-fi, drone, post-industrial, cumbia"
Hit La Rosa Y Su Gran Unidad Tropical,Album,Hit La Rosa,2017-06-22,"rock, folk, punk, experimental, psychedelic rock, latin, cumbia"
Tercer cordón,Album,Willy Polvorón,2003,"blues, comedy, blues rock, ballad, rock and roll, comedy rock, latin, candombe, cumbia, latin ballad, cuarteto, murga, cumbia argentina"
Tribute,Album,Royal Jesters,1996-09-17,"rock, samba, latin, merengue, cumbia, bolero, tejano, doo-wop"
Amor Prohibido,Album,Selena,1994-03-22,"electronic, pop, 90s, spanish, latin, cumbia, tejano, tejano norteno"
The Rough Guide to Colombian Street Party,Album,Various Artists,2008-10-21,"hip hop, reggae, salsa, latin, rough guide, cumbia, champeta"
Shake Away / Ojo de culebra,Album,Lila Downs,2008-09-02,"electronic, pop, folk, world, 2000s, latin, 2008, 00s, cumbia"
Busca amor,Album,Botellita de Jerez,1990,"rock, folk rock, rock and roll, latin, cumbia, norteño"
Cumbia! Bestial,Album,Various Artists,2010-06-11,"rock, electronic, hip hop, reggae, breakbeat, latin, dancehall, cumbia"
"Panama! 3: Calypso Panameño, Guajira Jazz and Cumbia Tipica on the Isthmus 1960-1975",Album,Various Artists,2009-11-16,"reggae, funk, salsa, latin, calypso, cumbia, descarga, boogaloo, guaguancó"
Mofongo Para el Alma,Album,Quantic,2006-02-15,"funk, salsa, latin, rumba, cumbia, mambo, descarga, boogaloo, plena"
Fania Helvete,Album,Crudo Pimento,2015-03-24,"rock, metal, blues, black metal, experimental, flamenco, cumbia, copla"
State of Mind,Single,Qechuaboi,2017-07-15,"electronic, dance, electronica, latin, cumbia, footwork, juke, future bass"
Conecta,Album,Dusouto,2017-09-27,"drum and bass, mpb, dub, samba, reggaeton, cumbia, ragga"
One,EP,Yukicito,2019-03-01,"electronic, hip hop, samba, cumbia, r&b, moombahton, afro-funk"
September Blues,Single,Quantic,2019-07-09,"electronic, jazz, house, orchestral, reggae, funk, soul, disco, cumbia"
Cumbia Teng!,Album,6Blocc,2017-07-04,"electronic, jungle, dubstep, reggae, cumbia, ragga, footwork, juke, trap"
¡Se formó la salsa!,Album,Roberto de la Barrera y su Sonora,1970-09-07,"jazz, salsa, latin, merengue, cumbia, descarga, bolero, guaracha, guaguancó"
Colombia! The Golden Age of Discos Fuentes. The Powerhouse of Colombian Music 1960-76,Album,Various Artists,2007-04-03,"jazz, salsa, afro-cuban jazz, latin, latin jazz, cumbia"
Hasta nunca,Album,Sol Marianela,2014-04-01,"rock, pop, singer-songwriter, pop punk, latin, reggaeton, cumbia"
Enter the MultiVerse,Album,MonkeyDragon,2021-01-21,"electronic, house, funk, dub, electronica, disco, dancehall, reggaeton, cumbia"
Rhythm Revolution,Album,Zumba Fitness,2012,"electronic, house, hip hop, samba, salsa, latin, reggaeton, cumbia"
Kaleido Strópico,Album,Roberto López,2019-05-24,"psychedelic, latin jazz, latin soul, tropical funk, cumbia funk"
Señor Coconut Presents Coconut FM,Album,Señor Coconut,2005,"electronic, hip-hop, hip hop, funk, latin, reggaeton, freestyle, cumbia"
The Best of Latin America: Change the Rules,Album,Various Artists,1997-05-19,"tango, samba, salsa, latin, rough guide, cumbia, descarga, música criolla"
El patrón,Album,Tito “El Bambino”,2009-03-24,"pop, reggae, salsa, ballad, latin, dancehall, reggaeton, cumbia, bachata, regueton"
Montreux Jazz Festival,Album,Hermeto Pascoal,1979,"jazz, fusion, avant-garde jazz, latin, free improvisation, cumbia, forró"
The MexMore LP,Album,Toy Selectah,2009,"electronic, electro, hip hop, latin, cumbia, www djwitek prv pl"
"All My Hits: Todos mis éxitos, Volume 2",Album,Selena,2000,"electronic, pop, 90s, spanish, mexican, latin pop, latin, cumbia, tejano"
3.0,Album,Orxata Sound System,2012-12-12,"electronic, dubstep, hip hop, techno, cumbia, kuduro, moombahton, funk carioca"
All My Hits: Todos mis éxitos,Album,Selena,1999-03-09,"rock, electronic, pop, 90s, spanish, r b, latin, cumbia, tejano"
TFF Rudolstadt 2003,Album,Various Artists,2003-12-15,"jazz, folk, samba, salsa, polka, latin, mariachi, cumbia, tff rudolstadt"
Hold Fast,Album,G.Rag y los Hermanos Patchekos,2009-04-24,"rock, pop, jazz, folk, blues, post-bop, latin, cumbia, mambo"
La Psicotropia,Album,Various Artists,2014-07-29,"rock, electronic, folk, experimental, dub, psychedelic rock, psychedelic, latin, cumbia"
Fiesta Latino,Album,Various Artists,2002,"electronic, samba, salsa, latin, reggaeton, euro house, rumba, cumbia, mambo"
Espíritu invisible,Album,María y José,2009,"electronic, pop, experimental, new wave, latin, rumba, cumbia, descarga, norteño"
Atlantic Modulations,EP,Quantic,2019-11-22,"electronic, jazz, dance, house, reggae, funk, dub, soul, disco, cumbia"
Misa Espiritual - Airto's Brazilian Mass,Album,Gil Evans,1983,"classical, jazz, fusion, afro-cuban jazz, latin, latin jazz, cumbia"
World Dance Music,Album,Brave Combo,1984,"jazz, ska, reggae, polka, latin, klezmer, cumbia, mambo, norteño, guaguancó"
Oriza,Single,Bio Ritmo,2015-12-01,"electronic, pop, reggae, funk, dub, salsa, acid jazz, latin, cumbia"
Cuban Jazz Salsa,Album,Yakare,1997-12,"jazz, salsa, latin, latin jazz, merengue, cumbia, bolero, son montuno"
Muévelo Negro / Ñanguita,EP,Quantic,2013-11-04,"electronic, jazz, house, hip hop, reggae, funk, soul, latin, cumbia"
Está en tus manos,Album,Skazofrenia,2014-06-30,"drum and bass, jazz, ska, reggae, latin, latin jazz, cumbia"
FRECUENCIAS,Album,Phonotrip,2021-02-01,"electronic, folk, minimal, techno, tech house, acid house, cumbia, microhouse"
Infame Golpazo en Keroxen,Album,Los Pirañas,2021-06-11,"electronic, experimental, psychedelic, avant-garde, surf rock, latin, cumbia, champeta"
Tropico Salvaje,Album,La Gallera Social Club,2020-06-05,"electronic, folk, electro, latin, cumbia, pachanga, tropical house, champeta, carimbó"
Exotic-O-Rama,Album,Various Artists,2016,"rock, soul, swing, rock and roll, latin, cumbia, doo-wop"
