cancion,artista,fecha-lanzamiento,generos
Peinando los 50,Bicho Raro,2023-01-06,"cumbia, cumbia villera, cumbia argentina"
Doo Wop (That Thing) / Entre rejas,Quantic,2013-08-12,cumbia
Mi niña mujer,Los Ángeles Azules,2016-08-05,cumbia
Nunca pensé en llorar/ Que te perdone Dios,Rossy War,2000,"latin, cumbia"
La colegiala,Rodolfo,1982,"latin, cumbia"
"Quizás, quizás, quizás / El ladrón",Jolly Land,1964,"latin, cumbia"
Jamas / El meneito,Los Continentales,,"latin, cumbia"
Parrandear El Carnaval / Acuerdate de Mi,Amalia Delgado,,"latin, cumbia"
I Love You More Than Tacos,Carne Cruda,2016-09-27,"latin, cumbia"
Cumbia Reina / Rosa Mar,Orquesta De Los Hnos. Flores,1981,"latin, cumbia"
Olvidame Si Puedes / Es Tarde Ya,Orquesta Hermanos Flores,1970,"latin, cumbia"
Prende la vela / Cumbia de las Cubas,Mariachi Palomar,,"latin, cumbia"
Mi Indecision,Tropical Barrio Pobre,1980,"latin, cumbia"
El Bombero / El gato Melquiades,Los Bárbaros del Centro,,"latin, cumbia"
Si yo muero / Triste y alegre,Pastor López y su Combo,1984,"latin, cumbia"
Cumbia sampuesana / Con mi ritmo - ¡Si se puede!,Manuel Gonzalez Su Organo y Ritmos,1985,"latin, cumbia"
Sol milena / Noche de estrellas,Orquesta Tropicolombiana,1987,"latin, cumbia"
Solitos los dos / Luz de cumbia,Aníbal Velásquez,1986,"latin, cumbia"
El negro Sebastian / El carpintero del pueblo,Sonora Sangre Negra,1982,"latin, cumbia"
Oro verde / El llamador,Estrellas de Urabá,1982,"latin, cumbia"
El papasito / Linda mariposa,Grupo Rosado,1974,"latin, cumbia"
Unconvention / Ika,Frente Cumbiero,2012-07-20,"latin, cumbia"
Poco a poco,Los Continentales,1983,"latin, cumbia"
Y se va la vida,Los Continentales,,"latin, cumbia"
Dejala Corre / El Sapo / Crees Que Soy Sexy,Banda Los Hijos de La Niña Luz,2008-10-20,"latin, cumbia"
La cumbia nació en Baru / Las velas encendidas,Sonora Dinamita,1982,"latin, cumbia"
Soy valiente / El Africano,Lucy González,1984,"latin, cumbia"
La cumbia de los cuervos / Primer amor,Juaneco y su Combo,1983,"latin, cumbia"
Hasta que amanezca / Vamos a beber,Adolfo Echeverría y su Orquesta,1986,"latin, cumbia"
Colegiala / Sueñas que te amo,Los Ilusionistas,1977,"latin, cumbia"
Lamento Calavera,Meridian Brothers,2014,"latin, cumbia"
Cumbia para ti / Mi problema,Orquesta Los Impactos,1985,"latin, cumbia"
La piñita / San pacho,Markkittos,1981,"latin, cumbia"
Atrévete y cuéntale / Tomalo tomalo,Grupo Trébol,1986,"latin, cumbia"
Sábalo mayero / La zafra,La Tromba,1983,"latin, cumbia"
"Nunca, nunca, nunca / El mecate",Los Sonor’s,1970,"latin, cumbia"
Su Majestad la cumbia / Francisco el hombre,Las Emes,1983,"latin, cumbia"
Colombia tierra hermana / La niña triste,"Manuel González, Su Organo y Ritmos",1984,"latin, cumbia"
Cumbia grasa,Locomotora,2014-10-16,"electronica, cumbia"
El Método de la Cera Perdida,Frente Cumbiero,2020-03-27,"latin, cumbia"
Los gustos de Victor Perez / Ron con Coca Cola,Los Solistas,1982,"latin, cumbia"
Chico vacilon / Hoy voy a tomar,La Trombanda de Chick,1986,"latin, cumbia"
La suavecita / A paso lento,Cuarteto Continente,1986,"latin, cumbia"
El trato,The La Planta,2024-12-26,"pop, latin pop, latin, cumbia, cumbia pop"
La pastorcita / Caminito serrano,Los Destellos,1974,"rock, latin, cumbia"
El alma y el cuerpo,Bomba Estéreo,2012-08-15,"electronic, latin, cumbia"
Que bonito,Bomba Estéreo,2014-04-01,"electronic, latin, cumbia"
Cumbia enamorada / La vecina,Los Caribes,1979,"latin, cumbia, vallenato"
La casa de la compañía,Canalón de Timbiquí,2019-02-22,"electronic, dub, cumbia"
Tío Guachupesito,Canalón de Timbiquí,2019-12-21,"electronic, dub, cumbia"
Barrio Skank,Deela,2018-09-13,"electronic, reggaeton, cumbia"
Rumba Chonta - DEELA Edits,Deela,2018-10-19,"electronic, reggaeton, cumbia"
La envidia / Muchacha de las orillas,Alfredo Barrantes,1984,"salsa, latin, cumbia"
Morena / Tiempos idos,Adolfo Pacheco y su compadre Ramon,1984,"latin, cumbia, vallenato"
Aventurera / Coquetona,Grupo Tayrona,1986,"latin, cumbia, vallenato"
Padremontes,Frente Cumbiero,2018-07-01,"dub, latin, cumbia"
Porrovía,Frente Cumbiero,2020-01-31,"latin, cumbia, porro"
CUMBIA GOT DUB,Captain Cumbia,2019-11-29,"latin, western, cumbia"
WOO HAH EN DO MENOR,Captain Cumbia,2019-11-13,"latin, western, cumbia"
Las Mellas (Cerrero dub mix),Gaiteros de San Jacinto,2020-02-13,"electronic, dub, cumbia"
Cuando yo diga / El Profesor rui rua,Los Casinos de Venezuela,1982,"latin, cumbia, porro"
Huayayay / Quédate un poco más,Grupo Fantasma,1986,"latin, cumbia, vallenato"
La ultima primavera,La Makina del Ritmo,,"psychedelic rock, cumbia"
Busco un amor / Negrita caridad,Combo del Caribe,1983,"latin, cumbia, porro"
Sorbito de champagne / Increible,Pastor López,1983,"salsa, latin, cumbia"
La medallita / Carola,Los Continentales,,"rock, latin, cumbia"
"Paco Zambrano / Juaneco 7""",Juaneco y su Combo,2012-11-05,"electronic, latin, cumbia"
Mi cucú,Sonora Dinamita,1988,"pop, latin, cumbia"
No pido revancha / Noches felices,Palo Santo,1989,"salsa, latin, cumbia"
La guagua / Magdalena,El Combo Candela,1984,"latin, cumbia, porro"
Más tropical / Que te pasa,Quitapenas,2012-02-12,"cumbia, soukous, champeta"
Trans Europe Express,Señor Coconut y su conjunto,2000-07-20,"electronic, latin, cumbia, mambo"
Cold Fever,Matías Aguayo & the Desdemonas,2017-09-01,"electronic, house, techno, cumbia"
Chineke Me,Sonikgroove,2017-05-31,"dub, latin, folktronica, cumbia"
Ofelia (Cerrero dub mix),Sexteto Tabalá,2019-03-29,"electronic, dub, cumbia, currulao"
Violeta Perro,Sara Hebe,2017-10-02,"punk, pop punk, cumbia"
La noche,Sara Hebe,2018-08,"punk, pop punk, cumbia"
Bugs Bunny,Los Bitchos,2018-08-15,"experimental, indie pop, cumbia"
Trapdoor,Los Bitchos,2018-03-01,"experimental, indie pop, cumbia"
Yemaya,Mexican Institute of Sound,2020-06-26,"electronic, electronica, latin, cumbia"
Cumbéalo // Tropidelico,Superfónicos,2019-05-10,"indie rock, funk, cumbia"
La Maltratada,La Dame Blanche,2020-09-11,"hip hop, reggae, cumbia"
Misa de Gallo,La Sonora San Francisco,2015-06-09,"electronic, electronica, latin, cumbia"
Culebra Coral,M.A.K.U. Soundsystem,2019-11-22,"dance, reggae, latin, cumbia"
Unexpected,Qechuaboi,2017-12-07,"electronic, dance, latin, cumbia"
Menu,Qechuaboi,2012-07,"electronic, dance, latin, cumbia"
Mal agradecido / Guaba,Gladys Santos,1984,"salsa, latin, cumbia, guaguancó"
La cumbia del Chinche / El Boleta,Candeleros,2018-12-17,"fusion, psychedelic, merengue, cumbia"
Todo junto se escribe separado,Qechuaboi,2015-06-06,"electronic, dance, latin, cumbia"
Eso quisiera / Nunca,La Banda de las Estrellas,1990,"salsa, latin, cumbia, porro"
Memoria,Combo Chimbita,2021-09-07,"rock, punk, psychedelic, cumbia"
Something Sign,Juan Diego Illescas,2020-01-27,"electronic, folk, electronica, cumbia"
Tengo un sueño qe no me deja dormir,Qechuaboi,2015-12-30,"electronic, dance, latin, cumbia"
Así son las samarias / Cumbia de pescadores,Memo Argote y Su Grupo Majestad,1983,"salsa, latin, cumbia, porro"
"Eqivocate, confúndete, pero nunca te huevees!",Qechuaboi,2014-01-23,"electronic, dance, latin, cumbia"
Trocitos de madera,La Yegros,2009-08-29,"electronic, dubstep, house, latin, cumbia"
Fue una lágrima / Cae la lluvia,Elia y Elisabeth,2020-12-21,"funk, soul, salsa, afrobeat, cumbia"
Toyota Man,Neon Indian,2019-11-14,"pop, indie pop, latin, cumbia"
Amparito,Desorden Público,2015-11-18,"rock, ska, reggae, rocksteady, cumbia"
K le pasa,El Dusty,2011-11-28,"electronic, latin, electro house, cumbia"
Son Palenque Feat El 'Leon Pardo' (Cerrero Dub Mix),Son Palenque,2018-09-04,"reggae, dub, latin, afrobeat, cumbia"
Hotline Bling/Doombia,Quantic,2018-05-11,"electronic, hip hop, latin, cumbia"
K le pasa (remix),El Dusty,2011-11-28,"electronic, latin, electro house, cumbia"
Romie (Remix),Deela,2017-09-01,"electronic, hip hop, reggaeton, cumbia"
Pista (Great Start),Los Bitchos,2019-08-12,"dance, experimental, indie pop, cumbia"
Toyota Man,Neon Indian,2019-11-14,"pop, indie pop, latin, cumbia"
Tripping Party / FFF,Los Bitchos,2018-03-01,"instrumental, experimental, indie pop, cumbia"
Amparito,Desorden Público,2015-11-18,"rock, ska, reggae, rocksteady, cumbia"
Cumbia Reaction,Rolando Bruno y Su Orquesta Midi,2016,"rock, garage rock, latin, cumbia"
El Sorbito,Qechuaboi,2016-09-30,"electronic, dance, latin, cumbia, footwork"
Si Si Si,Abelardo Carbono,2020-04-04,"salsa, latin, afrobeat, cumbia, champeta"
Yo bailo sola,Acid Coco,2020-07-17,"pop, latin, reggaeton, cumbia, champeta"
La Mentalista,La Dame Blanche,2020-08-07,"hip hop, reggae, cumbia, trap"
El rock de la langosta / Margarita,Various Artists,1980,"rock, garage rock, latin, cumbia"
Fue una lágrima / Cae la lluvia,Elia y Elisabeth,2020-12-21,"funk, soul, salsa, afrobeat, cumbia"
Sola Solita,La Fragua Band,2019-12-21,"fusion, latin rock, latin, cumbia"
El Ciclón,La Fragua Band,2020-04-08,"fusion, latin rock, latin, cumbia"
Las Americas V.1,Ghislain Poirier,2010,"electronic, house, latin, cumbia, garage house"
Todo esta muy Normal,Desorden Público,2015-02-09,"rock, punk, ska, reggae, rocksteady, cumbia"
Doombia,Quantic,2018-06-01,"electronic, jazz, reggae, funk, soul, cumbia"
Con Tiempo,Hammond Classics,2016-12-28,"hip hop, reggae, funk, latin, cumbia"
Duvidó,Quantic,2014-02-28,"electronic, jazz, reggae, funk, soul, cumbia"
Puro Show / Puro Rock,El Combo Chimbita,2014-04-07,"dance, ska, reggae, latin, cumbia, descarga"
Repeating Night / Weather,The Mauskovic Dance Band,2017-04-01,"electronic, no wave, latin, afrobeat, cumbia"
Shuffle Them Shoes,Quantic,2016-11-25,"electronic, jazz, reggae, funk, soul, cumbia"
Bicicleta,Marcos Valle,2022-01-21,"funk, soul, disco, salsa, afrobeat, cumbia"
La camisa negra,Juanes,2004,"rock, electronic, pop, pop rock, latin, cumbia"
Yarana / Marula,The Phantom Four,2020-02-28,"rock, instrumental, disco, psychedelic rock, afrobeat, cumbia"
The Link Is About to Die,Los Bitchos,2019-10-11,"rock, pop, experimental, indie pop, latin, cumbia"
Con Sabor,Sidi Wacho,2015-09-07,"punk, electro, hip hop, indie, club, cumbia"
Theme From Selva,Quantic,2020-10-30,"electronic, jazz, reggae, funk, soul, disco, cumbia"
A Patricia,Par Avion,2018-02-01,"rock, pop, instrumental rock, surf rock, cumbia"
Salvemos nuestro folclor / Carnavalito infernal y cosas chéveres,Los Pirañas,2013-09-22,"noise, experimental rock, noise rock, latin, cumbia, champeta"
El Sabanero,Happy Sound,2020-11-27,"latin pop, porro, electro cumbia, latamtronica, electro porro"
State of Mind,Qechuaboi,2017-07-15,"electronic, dance, electronica, latin, cumbia, footwork, juke, future bass"
September Blues,Quantic,2019-07-09,"electronic, jazz, house, orchestral, reggae, funk, soul, disco, cumbia"
Oriza,Bio Ritmo,2015-12-01,"electronic, pop, reggae, funk, dub, salsa, acid jazz, latin, cumbia"
