cancion,artista,tipo,lanzamiento,fecha-lanzamiento
Bemba colora,Celia Cruz,Album,Son con guaguancó,1966
Son con guaguancó,Celia Cruz,Album,Son con guaguancó,1966
Es la humanidad,Celia Cruz,Album,Son con guaguancó,1966
"Lo mismo sí, que no",Celia Cruz,Album,Son con guaguancó,1966
Oye mi consejo,Celia Cruz,Album,Son con guaguancó,1966
Se me perdió la cartera,Celia Cruz,Album,Son con guaguancó,1966
Tremendo guaguancó,Celia Cruz,Album,Son con guaguancó,1966
Permíteme,Celia Cruz,Album,Son con guaguancó,1966
No hay manteca,Celia Cruz,Album,Son con guaguancó,1966
El cohete,Celia Cruz,Album,Son con guaguancó,1966
La adivinanza,Celia Cruz,Album,Son con guaguancó,1966
Amarra la yegua,Celia Cruz,Album,Son con guaguancó,1966
Richie’s Jala‐Jala,Ricardo Ray,Album,Jala Jala y Boogaloo,1967
Baby Don’t You Cry,Ricardo Ray,Album,Jala Jala y Boogaloo,1967
Colombia’s Boogaloo,Ricardo Ray,Album,Jala Jala y Boogaloo,1967
"Stop, Look and Listen",Ricardo Ray,Album,Jala Jala y Boogaloo,1967
Lo atare la arache,Ricardo Ray,Album,Jala Jala y Boogaloo,1967
Cabo E,Ricardo Ray,Album,Jala Jala y Boogaloo,1967
Gentle Rain,Ricardo Ray,Album,Jala Jala y Boogaloo,1967
3 and 1 Mozambique,Ricardo Ray,Album,Jala Jala y Boogaloo,1967
Bomba Camara,Ricardo Ray,Album,Jala Jala y Boogaloo,1967
Tin marín,Ricardo Ray,Album,"Jala, Jala Boogaloo, Volume II",1968
Música ye ye,Ricardo Ray,Album,"Jala, Jala Boogaloo, Volume II",1968
Aquél sía,Ricardo Ray,Album,"Jala, Jala Boogaloo, Volume II",1968
Mr. Trumpet Man,Ricardo Ray,Album,"Jala, Jala Boogaloo, Volume II",1968
Iqui con iqui,Ricardo Ray,Album,"Jala, Jala Boogaloo, Volume II",1968
More Richie,Ricardo Ray,Album,"Jala, Jala Boogaloo, Volume II",1968
Que se rían,Ricardo Ray,Album,"Jala, Jala Boogaloo, Volume II",1968
Las caraqueñas,Ricardo Ray,Album,"Jala, Jala Boogaloo, Volume II",1968
Agúzate,Ricardo Ray & Bobby Cruz,Album,Agúzate,1970
Amparo arrebato,Ricardo Ray & Bobby Cruz,Album,Agúzate,1970
You've Lost That Loving Feeling,Ricardo Ray & Bobby Cruz,Album,Agúzate,1970
Vive feliz,Ricardo Ray & Bobby Cruz,Album,Agúzate,1970
Guaguancó raro,Ricardo Ray & Bobby Cruz,Album,Agúzate,1970
Traigo de todo,Ricardo Ray & Bobby Cruz,Album,Agúzate,1970
Soul and Inspiration,Ricardo Ray & Bobby Cruz,Album,Agúzate,1970
A mi manera / My Way,Ricardo Ray & Bobby Cruz,Album,Agúzate,1970
Sonido bestial,Ricardo Ray y Bobby Cruz,Album,El bestial sonido de... Ricardo Ray y Bobby Cruz,1971
Señora,Ricardo Ray y Bobby Cruz,Album,El bestial sonido de... Ricardo Ray y Bobby Cruz,1971
No tin pena,Ricardo Ray y Bobby Cruz,Album,El bestial sonido de... Ricardo Ray y Bobby Cruz,1971
La Vimari,Ricardo Ray y Bobby Cruz,Album,El bestial sonido de... Ricardo Ray y Bobby Cruz,1971
Guaguancó triste,Ricardo Ray y Bobby Cruz,Album,El bestial sonido de... Ricardo Ray y Bobby Cruz,1971
Fire and Rain,Ricardo Ray y Bobby Cruz,Album,El bestial sonido de... Ricardo Ray y Bobby Cruz,1971
Cha cha huele chango,Ricardo Ray y Bobby Cruz,Album,El bestial sonido de... Ricardo Ray y Bobby Cruz,1971
Volver,Ricardo Ray y Bobby Cruz,Album,El bestial sonido de... Ricardo Ray y Bobby Cruz,1971
Quimbara,Celia,Album,Celia & Johnny,1974
Toro Mata,Celia,Album,Celia & Johnny,1974
Vieja luna,Celia,Album,Celia & Johnny,1974
El paso del mulo,Celia,Album,Celia & Johnny,1974
Tengo el Idde,Celia,Album,Celia & Johnny,1974
Lo tuyo es mental,Celia,Album,Celia & Johnny,1974
Canto a La Habana,Celia,Album,Celia & Johnny,1974
No Mercedes,Celia,Album,Celia & Johnny,1974
El tumbao y Celia,Celia,Album,Celia & Johnny,1974
El Pregón Del Pescador,Celia,Album,Celia & Johnny,1974
Vamos a reir un poco,Héctor Lavoe,Album,De ti depende,1976
De ti depende,Héctor Lavoe,Album,De ti depende,1976
Periodico de ayer,Héctor Lavoe,Album,De ti depende,1976
Consejo de oro,Héctor Lavoe,Album,De ti depende,1976
Tanto como ayer,Héctor Lavoe,Album,De ti depende,1976
Hacha y machete,Héctor Lavoe,Album,De ti depende,1976
Felices horas,Héctor Lavoe,Album,De ti depende,1976
Mentira,Héctor Lavoe,Album,De ti depende,1976
Agusese usted,Alegre All Stars,Album,Perdido,1977
Perdido,Alegre All Stars,Album,Perdido,1977
Y yo ganga,Alegre All Stars,Album,Perdido,1977
Bobby: Bajo y clarinete,Alegre All Stars,Album,Perdido,1977
Lagrimas y tristezas,Alegre All Stars,Album,Perdido,1977
Alegre te invita,Alegre All Stars,Album,Perdido,1977
Plástico,Willie Colón,Album,Siembra,1978
Buscando guayaba,Willie Colón,Album,Siembra,1978
Pedro Navaja,Willie Colón,Album,Siembra,1978
María Lionza,Willie Colón,Album,Siembra,1978
Ojos,Willie Colón,Album,Siembra,1978
Dime,Willie Colón,Album,Siembra,1978
Siembra,Willie Colón,Album,Siembra,1978
El cantante,Héctor Lavoe,Album,Comedia,1978
Comedia,Héctor Lavoe,Album,Comedia,1978
La verdad,Héctor Lavoe,Album,Comedia,1978
Tiempos pasados,Héctor Lavoe,Album,Comedia,1978
Bandolera,Héctor Lavoe,Album,Comedia,1978
¿Por qué te conocí?,Héctor Lavoe,Album,Comedia,1978
Songorocosongo,Héctor Lavoe,Album,Comedia,1978
Al pasito,Grupo Niche,Album,Al pasito,1979
Rosa meneo,Grupo Niche,Album,Al pasito,1979
Primer mensaje,Grupo Niche,Album,Al pasito,1979
Va pregonando,Grupo Niche,Album,Al pasito,1979
Pinta pa’ qué,Grupo Niche,Album,Al pasito,1979
A ti Barranquilla,Grupo Niche,Album,Al pasito,1979
Tiempos de ayer,Grupo Niche,Album,Al pasito,1979
Tata y el sol,Grupo Niche,Album,Al pasito,1979
El sabio,Héctor Lavoe,Album,El sabio,1980
Plazos traicioneros,Héctor Lavoe,Album,El sabio,1980
Noche de farra,Héctor Lavoe,Album,El sabio,1980
Para ochún,Héctor Lavoe,Album,El sabio,1980
Aléjate,Héctor Lavoe,Album,El sabio,1980
Lloré,Héctor Lavoe,Album,El sabio,1980
Ceora,Héctor Lavoe,Album,El sabio,1980
Ahora me toca a mí,Frankie Ruiz y su Orquesta,Album,"Solista, pero no solo",1985
Esta cobardía,Frankie Ruiz y su Orquesta,Album,"Solista, pero no solo",1985
Como le gustan a usted,Frankie Ruiz y su Orquesta,Album,"Solista, pero no solo",1985
Tú con él,Frankie Ruiz y su Orquesta,Album,"Solista, pero no solo",1985
La cura,Frankie Ruiz y su Orquesta,Album,"Solista, pero no solo",1985
El camionero,Frankie Ruiz y su Orquesta,Album,"Solista, pero no solo",1985
Si esa mujer me dice que sí,Frankie Ruiz y su Orquesta,Album,"Solista, pero no solo",1985
Amor de un momento,Frankie Ruiz y su Orquesta,Album,"Solista, pero no solo",1985
Juan cabeza dura,El Gran Combo de Puerto Rico,Album,Innovations,1985
Camino de amapolas,El Gran Combo de Puerto Rico,Album,Innovations,1985
No me olvides,El Gran Combo de Puerto Rico,Album,Innovations,1985
Resignación,El Gran Combo de Puerto Rico,Album,Innovations,1985
Prosigue,El Gran Combo de Puerto Rico,Album,Innovations,1985
Años,El Gran Combo de Puerto Rico,Album,Innovations,1985
Nunca es tarde,El Gran Combo de Puerto Rico,Album,Innovations,1985
La loma del tamarindo,El Gran Combo de Puerto Rico,Album,Innovations,1985
De que tamaño,Héctor Lavoe,Album,Revento,1985
La vida es bonita,Héctor Lavoe,Album,Revento,1985
Don Fulano de tal,Héctor Lavoe,Album,Revento,1985
La fama,Héctor Lavoe,Album,Revento,1985
Déjala que siga,Héctor Lavoe,Album,Revento,1985
Cáncer,Héctor Lavoe,Album,Revento,1985
Porque no puedo ser feliz,Héctor Lavoe,Album,Revento,1985
Lírica borinqueña,El Gran Combo de Puerto Rico,Album,Y su pueblo,1986
Indecisión,El Gran Combo de Puerto Rico,Album,Y su pueblo,1986
Total pa' qué,El Gran Combo de Puerto Rico,Album,Y su pueblo,1986
Por más que quiera,El Gran Combo de Puerto Rico,Album,Y su pueblo,1986
Garantía,El Gran Combo de Puerto Rico,Album,Y su pueblo,1986
Por ella,El Gran Combo de Puerto Rico,Album,Y su pueblo,1986
Le dicen papá,El Gran Combo de Puerto Rico,Album,Y su pueblo,1986
Nunca fui,El Gran Combo de Puerto Rico,Album,Y su pueblo,1986
Quiero llenarte,Frankie Ruiz,Album,... Voy pa' encima,1987
Si no te hubieras ido,Frankie Ruiz,Album,... Voy pa' encima,1987
Desnúdate mujer,Frankie Ruiz,Album,... Voy pa' encima,1987
Mujeres,Frankie Ruiz,Album,... Voy pa' encima,1987
No me hables mal de ella,Frankie Ruiz,Album,... Voy pa' encima,1987
Imposible amor,Frankie Ruiz,Album,... Voy pa' encima,1987
Quiero verte,Frankie Ruiz,Album,... Voy pa' encima,1987
Voy pa' encima,Frankie Ruiz,Album,... Voy pa' encima,1987
Desesperado,Luis Enrique,Album,Amor y alegría,1988
Tú no le amas le temes,Luis Enrique,Album,Amor y alegría,1988
Compréndelo,Luis Enrique,Album,Amor y alegría,1988
Amor y alegría,Luis Enrique,Album,Amor y alegría,1988
Tu cuerpo,Luis Enrique,Album,Amor y alegría,1988
Volverte a ver,Luis Enrique,Album,Amor y alegría,1988
Qué será de ti,Luis Enrique,Album,Amor y alegría,1988
Tal vez un día amor,Luis Enrique,Album,Amor y alegría,1988
No te quites la ropa,Luis Enrique,Album,Amor y alegría,1988
Pregunta por ahí,Luis Enrique,Album,Amor y alegría,1988
Amor de medianoche,Luis Enrique,Album,Amor y alegría,1988
La mentira,Luis Enrique,Album,Amor y alegría,1988
Quince años,El Gran Combo de Puerto Rico,Album,Romántico y... sabroso,1988
Potro amarrao,El Gran Combo de Puerto Rico,Album,Romántico y... sabroso,1988
Regresa ya,El Gran Combo de Puerto Rico,Album,Romántico y... sabroso,1988
Carta al creador,El Gran Combo de Puerto Rico,Album,Romántico y... sabroso,1988
Cupido,El Gran Combo de Puerto Rico,Album,Romántico y... sabroso,1988
El sediento,El Gran Combo de Puerto Rico,Album,Romántico y... sabroso,1988
Súplica,El Gran Combo de Puerto Rico,Album,Romántico y... sabroso,1988
Un sí o un no,El Gran Combo de Puerto Rico,Album,Romántico y... sabroso,1988
Cielo de tambores,Grupo Niche,Album,Cielo de tambores,1990
Una aventura,Grupo Niche,Album,Cielo de tambores,1990
Se pareció tanto a ti,Grupo Niche,Album,Cielo de tambores,1990
Doña pastora,Grupo Niche,Album,Cielo de tambores,1990
Busca por dentro,Grupo Niche,Album,Cielo de tambores,1990
Debiera olvidarla,Grupo Niche,Album,Cielo de tambores,1990
Sin sentimiento,Grupo Niche,Album,Cielo de tambores,1990
Cali ají,Grupo Niche,Album,Cielo de tambores,1990
Vivir Sin Ella,Gilberto Santa Rosa y su Orq.,Album,Punto de vista,1990
No Hay Nada Mejor,Gilberto Santa Rosa y su Orq.,Album,Punto de vista,1990
Perdóname,Gilberto Santa Rosa y su Orq.,Album,Punto de vista,1990
Me Libere,Gilberto Santa Rosa y su Orq.,Album,Punto de vista,1990
De Cualquier Manera,Gilberto Santa Rosa y su Orq.,Album,Punto de vista,1990
Impaciencia,Gilberto Santa Rosa y su Orq.,Album,Punto de vista,1990
Aunque Tu No Quieras,Gilberto Santa Rosa y su Orq.,Album,Punto de vista,1990
Me Acuerdo De Ti,Gilberto Santa Rosa y su Orq.,Album,Punto de vista,1990
No Me Dejes Solo,Gilberto Santa Rosa y su Orq.,Album,Punto de vista,1990
Conciencia,Gilberto Santa Rosa,Album,Perspectiva,1991
Algo especial,Gilberto Santa Rosa,Album,Perspectiva,1991
Cosas nuevas,Gilberto Santa Rosa,Album,Perspectiva,1991
Se supone,Gilberto Santa Rosa,Album,Perspectiva,1991
Bomba de tiempo,Gilberto Santa Rosa,Album,Perspectiva,1991
Vino tinto,Gilberto Santa Rosa,Album,Perspectiva,1991
¿A quién...? ¿A mí...?,Gilberto Santa Rosa,Album,Perspectiva,1991
Amor mío no te vayas,Gilberto Santa Rosa,Album,Perspectiva,1991
Hasta que vuelvas,Gilberto Santa Rosa,Album,Perspectiva,1991
Sembrando para ti,Gilberto Santa Rosa,Album,Perspectiva,1991
Sobre Tu Cuerpo,Moncho Santana,Album,From Cali with Love,1991
Flechada de Amor,Moncho Santana,Album,From Cali with Love,1991
Adicto a Su Amor,Moncho Santana,Album,From Cali with Love,1991
Con Esa Mujer,Moncho Santana,Album,From Cali with Love,1991
Tendria Que Llorar Por Ti,Moncho Santana,Album,From Cali with Love,1991
Pesadilla,Moncho Santana,Album,From Cali with Love,1991
Riendas Sueltas a El Amor,Moncho Santana,Album,From Cali with Love,1991
Malditos Celos,Moncho Santana,Album,From Cali with Love,1991
Muchachita,Guayacán Orquesta,Album,5 años aferrados al sabor,1991
Como una hoguera,Guayacán Orquesta,Album,5 años aferrados al sabor,1991
Arroz con coco,Guayacán Orquesta,Album,5 años aferrados al sabor,1991
Tema a mamá,Guayacán Orquesta,Album,5 años aferrados al sabor,1991
Guaguancó callejero,Guayacán Orquesta,Album,5 años aferrados al sabor,1991
Yolanda,Guayacán Orquesta,Album,5 años aferrados al sabor,1991
Guitarra y tambó,Guayacán Orquesta,Album,5 años aferrados al sabor,1991
Un vestido bonito,Guayacán Orquesta,Album,5 años aferrados al sabor,1991
El hueco de la fortuna,Wilson Saoco,Album,Sabor en pasta,1991
Mía,Wilson Saoco,Album,Sabor en pasta,1991
Falsaria,Wilson Saoco,Album,Sabor en pasta,1991
Vivo pensando en ella,Wilson Saoco,Album,Sabor en pasta,1991
Sueño de fantasía,Wilson Saoco,Album,Sabor en pasta,1991
El carcelero,Wilson Saoco,Album,Sabor en pasta,1991
Despidamos el amor,Wilson Saoco,Album,Sabor en pasta,1991
No sé perdonar,Wilson Saoco,Album,Sabor en pasta,1991
Regresa,Wilson Saoco,Album,Sabor en pasta,1991
Carnaval currambero,Wilson Saoco,Album,Sabor en pasta,1991
Casi un hechizo,Jerry Rivera,Album,Cuenta conmigo,1992
Amores como el nuestro,Jerry Rivera,Album,Cuenta conmigo,1992
A ti mi nena,Jerry Rivera,Album,Cuenta conmigo,1992
Me estoy muriendo de amor,Jerry Rivera,Album,Cuenta conmigo,1992
El príncipe de la ciudad,Jerry Rivera,Album,Cuenta conmigo,1992
Una en un millón,Jerry Rivera,Album,Cuenta conmigo,1992
Amor de colegio,Jerry Rivera,Album,Cuenta conmigo,1992
Chiquilla,Jerry Rivera,Album,Cuenta conmigo,1992
Cuenta conmigo,Jerry Rivera,Album,Cuenta conmigo,1992
Me estoy enamorando,Jerry Rivera,Album,Cuenta conmigo,1992
Vivir Sin Ti,India,Album,Llegó la India via Eddie Palmieri,1992
Mi Primera Rumba,India,Album,Llegó la India via Eddie Palmieri,1992
Yemayá Y Ochún (Prelude),India,Album,Llegó la India via Eddie Palmieri,1992
Yemayá Y Ochún,India,Album,Llegó la India via Eddie Palmieri,1992
Solitude,India,Album,Llegó la India via Eddie Palmieri,1992
I Wanna Dance,India,Album,Llegó la India via Eddie Palmieri,1992
Soledad (Bilingual Version),India,Album,Llegó la India via Eddie Palmieri,1992
Pero te quiero,Nino Segarra,Album,Loco de amor,1992
Tú volverás a mí,Nino Segarra,Album,Loco de amor,1992
Loco de amor,Nino Segarra,Album,Loco de amor,1992
Y es que tú,Nino Segarra,Album,Loco de amor,1992
Medley de boleros: Lágrimas del alma / Miénteme,Nino Segarra,Album,Loco de amor,1992
Siempre te vas,Nino Segarra,Album,Loco de amor,1992
La otra,Nino Segarra,Album,Loco de amor,1992
Vuelve a mí,Nino Segarra,Album,Loco de amor,1992
Cómo somos,Nino Segarra,Album,Loco de amor,1992
Medley de Camilo Sesto: Melancolía / Mía / Mi buen amor / Jamás / Perdóname / Quererte a ti,Nino Segarra,Album,Loco de amor,1992
Mama Guela,Gilberto Santa Rosa,Album,A dos tiempos de un tiempo,1992
En la oscuridad,Gilberto Santa Rosa,Album,A dos tiempos de un tiempo,1992
El que se fue,Gilberto Santa Rosa,Album,A dos tiempos de un tiempo,1992
Mío,Gilberto Santa Rosa,Album,A dos tiempos de un tiempo,1992
Barangá,Gilberto Santa Rosa,Album,A dos tiempos de un tiempo,1992
Nuestro balance,Gilberto Santa Rosa,Album,A dos tiempos de un tiempo,1992
Qué será,Gilberto Santa Rosa,Album,A dos tiempos de un tiempo,1992
Buscando la melodía,Gilberto Santa Rosa,Album,A dos tiempos de un tiempo,1992
Monólogo,Gilberto Santa Rosa,Album,A dos tiempos de un tiempo,1992
Hoy te canto,Gilberto Santa Rosa,Album,A dos tiempos de un tiempo,1992
Tiemblas,Gilberto Santa Rosa,Album,A dos tiempos de un tiempo,1992
"Cuando, cuando",Gilberto Santa Rosa,Album,A dos tiempos de un tiempo,1992
En la soledad,Gilberto Santa Rosa,Album,A dos tiempos de un tiempo,1992
Abarriba cumbiaremos,Gilberto Santa Rosa,Album,A dos tiempos de un tiempo,1992
Sin voluntad,Gilberto Santa Rosa,Album,Nace aquí,1993
Incógnita,Gilberto Santa Rosa,Album,Nace aquí,1993
Búscame,Gilberto Santa Rosa,Album,Nace aquí,1993
No hay nada más importante,Gilberto Santa Rosa,Album,Nace aquí,1993
Amor de umbral,Gilberto Santa Rosa,Album,Nace aquí,1993
Mal de amores,Gilberto Santa Rosa,Album,Nace aquí,1993
Tiene un amigo,Gilberto Santa Rosa,Album,Nace aquí,1993
Que manera de quererte,Gilberto Santa Rosa,Album,Nace aquí,1993
Bendito tiempo,Gilberto Santa Rosa,Album,Nace aquí,1993
Me volvieron a hablar de ella,Gilberto Santa Rosa,Album,Nace aquí,1993
"Imán ""Ritmo jala-jala""",Gilberto Santa Rosa,Album,Nace aquí,1993
Guaguancó bonito,Ray Barretto,Album,The Best of Ray Barretto / Lo mejor de Ray Barretto,1995
Aprieta el pollo,Ray Barretto,Album,The Best of Ray Barretto / Lo mejor de Ray Barretto,1995
Celosa,Ray Barretto,Album,The Best of Ray Barretto / Lo mejor de Ray Barretto,1995
Dame tu cariño,Ray Barretto,Album,The Best of Ray Barretto / Lo mejor de Ray Barretto,1995
Guajira y tambo,Ray Barretto,Album,The Best of Ray Barretto / Lo mejor de Ray Barretto,1995
A Puerto Rico,Ray Barretto,Album,The Best of Ray Barretto / Lo mejor de Ray Barretto,1995
Ritmo sabroso,Ray Barretto,Album,The Best of Ray Barretto / Lo mejor de Ray Barretto,1995
El camino,Ray Barretto,Album,The Best of Ray Barretto / Lo mejor de Ray Barretto,1995
Teresita,Ray Barretto,Album,The Best of Ray Barretto / Lo mejor de Ray Barretto,1995
El Watusi,Ray Barretto,Album,The Best of Ray Barretto / Lo mejor de Ray Barretto,1995
Los cueros,Ray Barretto,Album,The Best of Ray Barretto / Lo mejor de Ray Barretto,1995
Guaguancó pueblo nuevo,Ray Barretto,Album,The Best of Ray Barretto / Lo mejor de Ray Barretto,1995
Obertura,Gilberto Santa Rosa,Album,En vivo desde el Carnegie Hall,1995
Represento,Gilberto Santa Rosa,Album,En vivo desde el Carnegie Hall,1995
Amor mío no te vayas,Gilberto Santa Rosa,Album,En vivo desde el Carnegie Hall,1995
Vivir sin ella,Gilberto Santa Rosa,Album,En vivo desde el Carnegie Hall,1995
Quien lo diría,Gilberto Santa Rosa,Album,En vivo desde el Carnegie Hall,1995
Sin voluntad,Gilberto Santa Rosa,Album,En vivo desde el Carnegie Hall,1995
Cantante de cartel,Gilberto Santa Rosa,Album,En vivo desde el Carnegie Hall,1995
Quítate la máscara,Fania All-Stars,Album,Live in Puerto Rico,1995
Puerto Rico/Adoración,Fania All-Stars,Album,Live in Puerto Rico,1995
Azuquita mami,Fania All-Stars,Album,Live in Puerto Rico,1995
Borinquen tiene montuno,Fania All-Stars,Album,Live in Puerto Rico,1995
Busca lo tuyo,Fania All-Stars,Album,Live in Puerto Rico,1995
Bombele,Fania All-Stars,Album,Live in Puerto Rico,1995
Tres pianos / Guajira,Fania All-Stars,Album,Live in Puerto Rico,1995
Vamonos pal monte,Fania All-Stars,Album,Live in Puerto Rico,1995
Héctor Lavoe Medley,Fania All-Stars,Album,Live in Puerto Rico,1995
Su gente,Fania All-Stars,Album,Live in Puerto Rico,1995
Beleza rara,Banda Eva,Album,Beleza rara,1996
Levada louca,Banda Eva,Album,Beleza rara,1996
Onda de desejo,Banda Eva,Album,Beleza rara,1996
"Eva, o bloco",Banda Eva,Album,Beleza rara,1996
Saudade do Ilê,Banda Eva,Album,Beleza rara,1996
Menino do Rio,Banda Eva,Album,Beleza rara,1996
"Tic, tic, tac",Banda Eva,Album,Beleza rara,1996
Química perfeita,Banda Eva,Album,Beleza rara,1996
É agora,Banda Eva,Album,Beleza rara,1996
Idioma da paixão,Banda Eva,Album,Beleza rara,1996
Chorando saudade,Banda Eva,Album,Beleza rara,1996
Amei demais,Banda Eva,Album,Beleza rara,1996
Química perfecta,Banda Eva,Album,Beleza rara,1996
Las colas,Grupo Galé,Album,Dominando la salsa,1996
La sombra de tu amor,Grupo Galé,Album,Dominando la salsa,1996
Tumbadora,Grupo Galé,Album,Dominando la salsa,1996
Cuando seas mía,Grupo Galé,Album,Dominando la salsa,1996
Saboréame,Grupo Galé,Album,Dominando la salsa,1996
Si te vas,Grupo Galé,Album,Dominando la salsa,1996
Qué tiene Chocó,Grupo Galé,Album,Dominando la salsa,1996
Vuélveme a querer,Grupo Galé,Album,Dominando la salsa,1996
Pobre corazón,Grupo Galé,Album,Dominando la salsa,1996
Mi novia y yo,Grupo Galé,Album,Dominando la salsa,1996
Señor amante,Brenda K. Starr,Album,No lo voy a olvidar,1998
"Hombre mío, hombre ajeno",Brenda K. Starr,Album,No lo voy a olvidar,1998
Si me preguntan por ti,Brenda K. Starr,Album,No lo voy a olvidar,1998
Todo por dolor,Brenda K. Starr,Album,No lo voy a olvidar,1998
No lo voy a olvidar,Brenda K. Starr,Album,No lo voy a olvidar,1998
Un hombre secreto,Brenda K. Starr,Album,No lo voy a olvidar,1998
I Still Believe,Brenda K. Starr,Album,No lo voy a olvidar,1998
Amarte así,Brenda K. Starr,Album,No lo voy a olvidar,1998
Huellas,Adolescent’s Orquesta,Album,La misma pluma,1998
Si te marchas (Voy a llorar),Adolescent’s Orquesta,Album,La misma pluma,1998
Mírame,Adolescent’s Orquesta,Album,La misma pluma,1998
Me negó,Adolescent’s Orquesta,Album,La misma pluma,1998
Confesiones,Adolescent’s Orquesta,Album,La misma pluma,1998
"Corazón, corazón",Adolescent’s Orquesta,Album,La misma pluma,1998
Comencemos hoy,Adolescent’s Orquesta,Album,La misma pluma,1998
Alegría,Adolescent’s Orquesta,Album,La misma pluma,1998
Llámame,Adolescent’s Orquesta,Album,La misma pluma,1998
Amantes discretos,Adolescent’s Orquesta,Album,La misma pluma,1998
Jugando a ganar (versión salsa),Adolescent’s Orquesta,Album,La misma pluma,1998
Jugando a ganar (versión balada),Adolescent’s Orquesta,Album,La misma pluma,1998
Yo Soy La Rumba,Bio Ritmo,Album,"Rumba, Baby Rumba!",1998
Call Me Up (644-7215),Bio Ritmo,Album,"Rumba, Baby Rumba!",1998
Bin Bin,Bio Ritmo,Album,"Rumba, Baby Rumba!",1998
What I Want to Say,Bio Ritmo,Album,"Rumba, Baby Rumba!",1998
You Killed My Love,Bio Ritmo,Album,"Rumba, Baby Rumba!",1998
Tequila,Bio Ritmo,Album,"Rumba, Baby Rumba!",1998
Ugly,Bio Ritmo,Album,"Rumba, Baby Rumba!",1998
Un Carnaval En La Habana,Bio Ritmo,Album,"Rumba, Baby Rumba!",1998
You Rule Over Me,Bio Ritmo,Album,"Rumba, Baby Rumba!",1998
Una Palabra,Bio Ritmo,Album,"Rumba, Baby Rumba!",1998
Siéntate Ahi,Bio Ritmo,Album,"Rumba, Baby Rumba!",1998
Night Music,Bio Ritmo,Album,"Rumba, Baby Rumba!",1998
Volveré,DLG,Album,Gotcha!,1999
Eres Mi Vida,DLG,Album,Gotcha!,1999
Got A Hook On You (DLG Blues),DLG,Album,Gotcha!,1999
Acuyuye,DLG,Album,Gotcha!,1999
Ángeles,DLG,Album,Gotcha!,1999
A Veces Me Pregunto,DLG,Album,Gotcha!,1999
De Oro,DLG,Album,Gotcha!,1999
Prisionero,DLG,Album,Gotcha!,1999
Gotcha,DLG,Album,Gotcha!,1999
Volveré (bachata),DLG,Album,Gotcha!,1999
Papi papá,The Latin Brothers,Album,Grandes éxitos de la salsa: Greatest Hits,1999
Sobre las olas,The Latin Brothers,Album,Grandes éxitos de la salsa: Greatest Hits,1999
Dime qué pasó,The Latin Brothers,Album,Grandes éxitos de la salsa: Greatest Hits,1999
A pesar,The Latin Brothers,Album,Grandes éxitos de la salsa: Greatest Hits,1999
La guayaba,The Latin Brothers,Album,Grandes éxitos de la salsa: Greatest Hits,1999
Contigo,The Latin Brothers,Album,Grandes éxitos de la salsa: Greatest Hits,1999
Pegaso,The Latin Brothers,Album,Grandes éxitos de la salsa: Greatest Hits,1999
El carretero,The Latin Brothers,Album,Grandes éxitos de la salsa: Greatest Hits,1999
Las calaveras,The Latin Brothers,Album,Grandes éxitos de la salsa: Greatest Hits,1999
Fuma el barco,The Latin Brothers,Album,Grandes éxitos de la salsa: Greatest Hits,1999
Las caleñas son como las flores,The Latin Brothers,Album,Grandes éxitos de la salsa: Greatest Hits,1999
Patrona de los reclusos,The Latin Brothers,Album,Grandes éxitos de la salsa: Greatest Hits,1999
Buscándote,The Latin Brothers,Album,Grandes éxitos de la salsa: Greatest Hits,1999
Las cabañuelas,The Latin Brothers,Album,Grandes éxitos de la salsa: Greatest Hits,1999
Valluna,The Latin Brothers,Album,Grandes éxitos de la salsa: Greatest Hits,1999
La guarapera,The Latin Brothers,Album,Grandes éxitos de la salsa: Greatest Hits,1999
La cacharra,Jimmy Bosch,Album,Salsa dura,1999
Canta mi Mozambique,Jimmy Bosch,Album,Salsa dura,1999
Pa' mantener tradición,Jimmy Bosch,Album,Salsa dura,1999
La noticia,Jimmy Bosch,Album,Salsa dura,1999
Impacto tendremos,Jimmy Bosch,Album,Salsa dura,1999
Toco el trombón,Jimmy Bosch,Album,Salsa dura,1999
Viento frío,Jimmy Bosch,Album,Salsa dura,1999
Speak No Evil,Jimmy Bosch,Album,Salsa dura,1999
Amor por ti,Jimmy Bosch,Album,Salsa dura,1999
Vengo de amor,Jimmy Bosch,Album,Salsa dura,1999
Sigo cambiando,Jimmy Bosch,Album,Salsa dura,1999
Un poquito más,Jimmy Bosch,Album,Salsa dura,1999
El preso,Fruko y sus Tesos,Album,Todos bailan salsa,1999
El ausente,Fruko y sus Tesos,Album,Todos bailan salsa,1999
Lupita,Fruko y sus Tesos,Album,Todos bailan salsa,1999
La pachanga del fútbol,Fruko y sus Tesos,Album,Todos bailan salsa,1999
El patillero,Fruko y sus Tesos,Album,Todos bailan salsa,1999
Barranquillero arrebatao,Fruko y sus Tesos,Album,Todos bailan salsa,1999
Manyoma,Fruko y sus Tesos,Album,Todos bailan salsa,1999
Mambo no. 5,Fruko y sus Tesos,Album,Todos bailan salsa,1999
Cerezo rosa,Fruko y sus Tesos,Album,Todos bailan salsa,1999
Tania,Fruko y sus Tesos,Album,Todos bailan salsa,1999
Los charcos,Fruko y sus Tesos,Album,Todos bailan salsa,1999
Chachacha con pachanga,Fruko y sus Tesos,Album,Todos bailan salsa,1999
Swing pachanga,Fruko y sus Tesos,Album,Todos bailan salsa,1999
Salsa brava,Fruko y sus Tesos,Album,Todos bailan salsa,1999
Oye como va,Fruko y sus Tesos,Album,Todos bailan salsa,1999
Mambo del politécnico,Fruko y sus Tesos,Album,Todos bailan salsa,1999
Mambo del mercado La Merced,Fruko y sus Tesos,Album,Todos bailan salsa,1999
Todos bailan salsa,Fruko y sus Tesos,Album,Todos bailan salsa,1999
Salsa,Various Artists,Album,Salsa,2000
Mi música es tu música,Various Artists,Album,Salsa,2000
Awe,Various Artists,Album,Salsa,2000
Do You Dig It,Various Artists,Album,Salsa,2000
El pito - así se goza,Various Artists,Album,Salsa,2000
Bésame mamá,Various Artists,Album,Salsa,2000
A mi manera,Various Artists,Album,Salsa,2000
Semilla de caña brava,Various Artists,Album,Salsa,2000
El son hay que llevarlo en el corazón,Various Artists,Album,Salsa,2000
A la hora que me llamen voy,Various Artists,Album,Salsa,2000
Sazonando,Various Artists,Album,Salsa,2000
El guayabero,Various Artists,Album,Salsa,2000
Dame un traguito,Various Artists,Album,Salsa,2000
Mandinga,Various Artists,Album,Salsa,2000
Ay ay ay María,Various Artists,Album,Salsa,2000
Cachondea,Fruko y sus Tesos,Album,Power Salsa,2000
Cali de rumba,Fruko y sus Tesos,Album,Power Salsa,2000
Se me olvidó otra vez,Fruko y sus Tesos,Album,Power Salsa,2000
El presidiario,Fruko y sus Tesos,Album,Power Salsa,2000
El swing de Fruko,Fruko y sus Tesos,Album,Power Salsa,2000
Hipocresía,Fruko y sus Tesos,Album,Power Salsa,2000
Llegó la charanga,Fruko y sus Tesos,Album,Power Salsa,2000
Nací en la barriada,Fruko y sus Tesos,Album,Power Salsa,2000
La fruta bomba,Fruko y sus Tesos,Album,Power Salsa,2000
Barranquilla Barranquilla,Fruko y sus Tesos,Album,Power Salsa,2000
El mambo es universal,Fruko y sus Tesos,Album,Power Salsa,2000
Chamarra rota,Fruko y sus Tesos,Album,Power Salsa,2000
El preso (new version),Fruko y sus Tesos,Album,Power Salsa,2000
La danza de la chancaca,Grupo Niche,Album,Veinte años: La danza de la chancaca,2001
Gotas de lluvia (bachata),Grupo Niche,Album,Veinte años: La danza de la chancaca,2001
Gotas de lluvia (balada pop),Grupo Niche,Album,Veinte años: La danza de la chancaca,2001
Sin sentimiento,Grupo Niche,Album,Veinte años: La danza de la chancaca,2001
México México,Grupo Niche,Album,Veinte años: La danza de la chancaca,2001
La canoa ranchaa,Grupo Niche,Album,Veinte años: La danza de la chancaca,2001
La culpa la tiene,Grupo Niche,Album,Veinte años: La danza de la chancaca,2001
Mi pueblo natal,Grupo Niche,Album,Veinte años: La danza de la chancaca,2001
Duele más,Grupo Niche,Album,Veinte años: La danza de la chancaca,2001
Una aventura,Grupo Niche,Album,Veinte años: La danza de la chancaca,2001
Lamento Guajiro,Grupo Niche,Album,Veinte años: La danza de la chancaca,2001
Advertencia,Gilberto Santa Rosa,Album,Intenso,2001
Alguna parte de ti,Gilberto Santa Rosa,Album,Intenso,2001
La agarro bajando,Gilberto Santa Rosa,Album,Intenso,2001
Mentira,Gilberto Santa Rosa,Album,Intenso,2001
Acechando,Gilberto Santa Rosa,Album,Intenso,2001
Pero no me ama,Gilberto Santa Rosa,Album,Intenso,2001
De colores,Gilberto Santa Rosa,Album,Intenso,2001
Se puede,Gilberto Santa Rosa,Album,Intenso,2001
Si no lo digo ahora,Gilberto Santa Rosa,Album,Intenso,2001
Báilalo,Gilberto Santa Rosa,Album,Intenso,2001
Pueden decir,Gilberto Santa Rosa,Album,Intenso,2001
La noche,Joe Arroyo,Album,32 cañonazos,2002
Rebelión,Joe Arroyo,Album,32 cañonazos,2002
Mary,Joe Arroyo,Album,32 cañonazos,2002
En Barranquilla me quedo,Joe Arroyo,Album,32 cañonazos,2002
El árbol,Joe Arroyo,Album,32 cañonazos,2002
Tania,Joe Arroyo,Album,32 cañonazos,2002
Nadando,Joe Arroyo,Album,32 cañonazos,2002
Teresa vuelve,Joe Arroyo,Album,32 cañonazos,2002
Te quiero más,Joe Arroyo,Album,32 cañonazos,2002
A mi Dios todo le debo,Joe Arroyo,Album,32 cañonazos,2002
Confundido,Joe Arroyo,Album,32 cañonazos,2002
Patrona de los reclusos,Joe Arroyo,Album,32 cañonazos,2002
Fuego en mi mente,Joe Arroyo,Album,32 cañonazos,2002
El son del caballo,Joe Arroyo,Album,32 cañonazos,2002
Palenque,Joe Arroyo,Album,32 cañonazos,2002
Con gusto y gana,Joe Arroyo,Album,32 cañonazos,2002
Pa'l bailador,Joe Arroyo,Album,32 cañonazos,2002
Echao pa'lante,Joe Arroyo,Album,32 cañonazos,2002
El centurión de la noche,Joe Arroyo,Album,32 cañonazos,2002
La rumbera,Joe Arroyo,Album,32 cañonazos,2002
La guerra de los callados,Joe Arroyo,Album,32 cañonazos,2002
Manyoma,Joe Arroyo,Album,32 cañonazos,2002
Son apretao,Joe Arroyo,Album,32 cañonazos,2002
Simula timula,Joe Arroyo,Album,32 cañonazos,2002
Las cabañuelas,Joe Arroyo,Album,32 cañonazos,2002
Por ti no moriré,Joe Arroyo,Album,32 cañonazos,2002
El negro chombo,Joe Arroyo,Album,32 cañonazos,2002
Musa original,Joe Arroyo,Album,32 cañonazos,2002
Suave bruta,Joe Arroyo,Album,32 cañonazos,2002
Abandonaron el campo,Joe Arroyo,Album,32 cañonazos,2002
La guarapera,Joe Arroyo,Album,32 cañonazos,2002
El niño Dios,Joe Arroyo,Album,32 cañonazos,2002
Cómo podré disimular,Various Artists,Album,Homenaje al Grupo Niche con los grandes de la salsa,2002
La negra no quiere,Various Artists,Album,Homenaje al Grupo Niche con los grandes de la salsa,2002
La magia de tus besos,Various Artists,Album,Homenaje al Grupo Niche con los grandes de la salsa,2002
Ana Milé,Various Artists,Album,Homenaje al Grupo Niche con los grandes de la salsa,2002
Sin sentimiento,Various Artists,Album,Homenaje al Grupo Niche con los grandes de la salsa,2002
Nuestro sueño,Various Artists,Album,Homenaje al Grupo Niche con los grandes de la salsa,2002
Una aventura,Various Artists,Album,Homenaje al Grupo Niche con los grandes de la salsa,2002
Del puente pa' allá,Various Artists,Album,Homenaje al Grupo Niche con los grandes de la salsa,2002
Solo un cariño,Various Artists,Album,Homenaje al Grupo Niche con los grandes de la salsa,2002
Mi pueblo natal,Various Artists,Album,Homenaje al Grupo Niche con los grandes de la salsa,2002
Tapando el hueco,Various Artists,Album,Homenaje al Grupo Niche con los grandes de la salsa,2002
Miserable,Various Artists,Album,Homenaje al Grupo Niche con los grandes de la salsa,2002
El temblor,Orquesta La Palabra,Album,Breakthrough,2003
Ahe ahe,Orquesta La Palabra,Album,Breakthrough,2003
Cama y mesa,Orquesta La Palabra,Album,Breakthrough,2003
Se nos fue,Orquesta La Palabra,Album,Breakthrough,2003
CubanJam.com,Orquesta La Palabra,Album,Breakthrough,2003
I’m Going to Shenzhen,Orquesta La Palabra,Album,Breakthrough,2003
El tún tún de tu corazón,Orquesta La Palabra,Album,Breakthrough,2003
Mi Nueva York,Orquesta La Palabra,Album,Breakthrough,2003
Salsera,Orquesta La Palabra,Album,Breakthrough,2003
Y yo va pa Shenzhen,Orquesta La Palabra,Album,Breakthrough,2003
Feelings,Orquesta La Palabra,Album,Breakthrough,2003
La bikina,Orquesta La Palabra,Album,Breakthrough,2003
Espiritualmente,The New York Sextet,Album,The New York Sextet,2003
Corazón de araña negra,The New York Sextet,Album,The New York Sextet,2003
Vestida de blanco,The New York Sextet,Album,The New York Sextet,2003
Tostao y colao,The New York Sextet,Album,The New York Sextet,2003
La cárcel,The New York Sextet,Album,The New York Sextet,2003
A Puerto Rico,The New York Sextet,Album,The New York Sextet,2003
Tata li baba,The New York Sextet,Album,The New York Sextet,2003
Negro,The New York Sextet,Album,The New York Sextet,2003
La ley,The New York Sextet,Album,The New York Sextet,2003
Hermanos con salsa,The New York Sextet,Album,The New York Sextet,2003
Lloré lloré,Víctor Manuelle,Album,Travesía,2004
Tengo ganas (salsa),Víctor Manuelle,Album,Travesía,2004
Pero quién,Víctor Manuelle,Album,Travesía,2004
Te propongo,Víctor Manuelle,Album,Travesía,2004
Amarte es (salsa),Víctor Manuelle,Album,Travesía,2004
No me hace falta,Víctor Manuelle,Album,Travesía,2004
Si me preguntan,Víctor Manuelle,Album,Travesía,2004
Tengo ganas (balada),Víctor Manuelle,Album,Travesía,2004
Yo te daré,Víctor Manuelle,Album,Travesía,2004
No te dije,Víctor Manuelle,Album,Travesía,2004
Contigo,Víctor Manuelle,Album,Travesía,2004
Amarte es (balada),Víctor Manuelle,Album,Travesía,2004
Dark Latin Groove,DLG,Album,Lo esencial,2004
Juliana,DLG,Album,Lo esencial,2004
Volveré,DLG,Album,Lo esencial,2004
Que locura enamorarme de ti,DLG,Album,Lo esencial,2004
Eres mi vida,DLG,Album,Lo esencial,2004
A veces me pregunto,DLG,Album,Lo esencial,2004
No morirá (No Matter What),DLG,Album,Lo esencial,2004
Todo,DLG,Album,Lo esencial,2004
"Magdalena, mi amor (Quimbara)",DLG,Album,Lo esencial,2004
Todo mi corazón,DLG,Album,Lo esencial,2004
Acuyuye,DLG,Album,Lo esencial,2004
Gotcha,DLG,Album,Lo esencial,2004
Prisionero,DLG,Album,Lo esencial,2004
Si tú no estás,DLG,Album,Lo esencial,2004
La soledad,DLG,Album,Lo esencial,2004
I Love Salsa!,N’Klabe,Album,I Love Salsa!,2005
Evitaré,N’Klabe,Album,I Love Salsa!,2005
La salsa de Puerto Rico,N’Klabe,Album,I Love Salsa!,2005
Quizás,N’Klabe,Album,I Love Salsa!,2005
Llegaste a tiempo,N’Klabe,Album,I Love Salsa!,2005
Amor de una noche,N’Klabe,Album,I Love Salsa!,2005
Tiempo,N’Klabe,Album,I Love Salsa!,2005
Polos opuestos,N’Klabe,Album,I Love Salsa!,2005
La favorita,N’Klabe,Album,I Love Salsa!,2005
Pelotero la bola,Carlos Oliva,Album,Carlos Oliva y Los Sobrinos del Juez: 3 decadas de éxitos... y más,2006
You've Lost That Loving Feeling,Carlos Oliva,Album,Carlos Oliva y Los Sobrinos del Juez: 3 decadas de éxitos... y más,2006
Dime si te gusto,Carlos Oliva,Album,Carlos Oliva y Los Sobrinos del Juez: 3 decadas de éxitos... y más,2006
Amor pirata,Carlos Oliva,Album,Carlos Oliva y Los Sobrinos del Juez: 3 decadas de éxitos... y más,2006
Glorioso San Antonio,Carlos Oliva,Album,Carlos Oliva y Los Sobrinos del Juez: 3 decadas de éxitos... y más,2006
Ekelecua,Carlos Oliva,Album,Carlos Oliva y Los Sobrinos del Juez: 3 decadas de éxitos... y más,2006
Macarena,Carlos Oliva,Album,Carlos Oliva y Los Sobrinos del Juez: 3 decadas de éxitos... y más,2006
Vehicle / Tu carrito,Carlos Oliva,Album,Carlos Oliva y Los Sobrinos del Juez: 3 decadas de éxitos... y más,2006
Amigo mio,Carlos Oliva,Album,Carlos Oliva y Los Sobrinos del Juez: 3 decadas de éxitos... y más,2006
Con una lata y un palo,Carlos Oliva,Album,Carlos Oliva y Los Sobrinos del Juez: 3 decadas de éxitos... y más,2006
Besitos de coco,Carlos Oliva,Album,Carlos Oliva y Los Sobrinos del Juez: 3 decadas de éxitos... y más,2006
Yayabo / Conga yayabera,Carlos Oliva,Album,Carlos Oliva y Los Sobrinos del Juez: 3 decadas de éxitos... y más,2006
Rock the Boat / Muévete,Carlos Oliva,Album,Carlos Oliva y Los Sobrinos del Juez: 3 decadas de éxitos... y más,2006
El perdedor,Víctor Manuelle,Album,Decisión unánime,2006
Nuestro amor se ha vuelto ayer,Víctor Manuelle,Album,Decisión unánime,2006
Vamos de nuevo,Víctor Manuelle,Album,Decisión unánime,2006
Puerto Rico 2006,Víctor Manuelle,Album,Decisión unánime,2006
Maldita suerte,Víctor Manuelle,Album,Decisión unánime,2006
Nunca había llorado así,Víctor Manuelle,Album,Decisión unánime,2006
Dos generaciones,Víctor Manuelle,Album,Decisión unánime,2006
¿A qué te supo?,Víctor Manuelle,Album,Decisión unánime,2006
Cenizas,Víctor Manuelle,Album,Decisión unánime,2006
Hazme sentir,Víctor Manuelle,Album,Decisión unánime,2006
Nuestro amor se ha vuelto ayer (balada),Víctor Manuelle,Album,Decisión unánime,2006
Agradecimientos,Víctor Manuelle,Album,Decisión unánime,2006
Son de la loma,Andy Montañez,Album,Líneas paralelas,2006
Juramento,Andy Montañez,Album,Líneas paralelas,2006
Canción de los amantes,Andy Montañez,Album,Líneas paralelas,2006
Es nuestra canción,Andy Montañez,Album,Líneas paralelas,2006
Santa Cecilia,Andy Montañez,Album,Líneas paralelas,2006
Guitarra mía,Andy Montañez,Album,Líneas paralelas,2006
La felicidad,Andy Montañez,Album,Líneas paralelas,2006
Allí estarás,Andy Montañez,Album,Líneas paralelas,2006
Allá en la altura,Andy Montañez,Album,Líneas paralelas,2006
Líneas paralelas,Andy Montañez,Album,Líneas paralelas,2006
Soy diferente (salsatón),India,Album,Soy diferente,2006
Sólamente una noche (salsa),India,Album,Soy diferente,2006
Un amor obsesivo,India,Album,Soy diferente,2006
Cuando hieres a una mujer,India,Album,Soy diferente,2006
No es lo mismo,India,Album,Soy diferente,2006
Lágrimas,India,Album,Soy diferente,2006
Tengo que dejarte ir,India,Album,Soy diferente,2006
Soy diferente (reggaetón),India,Album,Soy diferente,2006
Madre e hija aka Madre,India,Album,Soy diferente,2006
Sólamente una noche (reggaetón),India,Album,Soy diferente,2006
Bugarrón,India,Album,Soy diferente,2006
El humo del tren,Raquel Zozaya,Album,Cubaneando con…,2006
"Dime, dime",Raquel Zozaya,Album,Cubaneando con…,2006
Y ahora vuelves a mí,Raquel Zozaya,Album,Cubaneando con…,2006
"El toca, toca",Raquel Zozaya,Album,Cubaneando con…,2006
"Popurrí de sones: Yiri, yiri bon / Mambeando / Parece que va a llover",Raquel Zozaya,Album,Cubaneando con…,2006
Locos por mi Habana,Raquel Zozaya,Album,Cubaneando con…,2006
Raíces,Raquel Zozaya,Album,Cubaneando con…,2006
Habáname,Raquel Zozaya,Album,Cubaneando con…,2006
Sin tu amor,Raquel Zozaya,Album,Cubaneando con…,2006
Y es que tu amor,Raquel Zozaya,Album,Cubaneando con…,2006
Popurrí de boleros: Porque ahora / Amor gitano,Raquel Zozaya,Album,Cubaneando con…,2006
Dímelo,Marc Anthony,Album,Sigo siendo yo: Grandes éxitos,2006
No me ames (ballad version),Marc Anthony,Album,Sigo siendo yo: Grandes éxitos,2006
Da la vuelta,Marc Anthony,Album,Sigo siendo yo: Grandes éxitos,2006
Muy dentro de mí (You Sang to Me) (Spanish version),Marc Anthony,Album,Sigo siendo yo: Grandes éxitos,2006
Celos,Marc Anthony,Album,Sigo siendo yo: Grandes éxitos,2006
Tragedia,Marc Anthony,Album,Sigo siendo yo: Grandes éxitos,2006
Barco a la deriva,Marc Anthony,Album,Sigo siendo yo: Grandes éxitos,2006
Ahora quién,Marc Anthony,Album,Sigo siendo yo: Grandes éxitos,2006
Valio la pena (salsa version),Marc Anthony,Album,Sigo siendo yo: Grandes éxitos,2006
Se esfuma tu amor,Marc Anthony,Album,Sigo siendo yo: Grandes éxitos,2006
Tu amor me hace bien (salsa version),Marc Anthony,Album,Sigo siendo yo: Grandes éxitos,2006
Lamento borincano (salsa version),Marc Anthony,Album,Sigo siendo yo: Grandes éxitos,2006
Lo que no di,Marc Anthony,Album,Sigo siendo yo: Grandes éxitos,2006
Qué precio tiene el cielo (salsa version),Marc Anthony,Album,Sigo siendo yo: Grandes éxitos,2006
Parranda Tarjeta III,Various Artists,Album,Tarjeta de Navidad III,2006
Amarga Navidad,Various Artists,Album,Tarjeta de Navidad III,2006
Dormilón,Various Artists,Album,Tarjeta de Navidad III,2006
Medley navideño Quisqueya: Candela / Con guiro y pandereta / El fo,Various Artists,Album,Tarjeta de Navidad III,2006
Así es mi Navidad,Various Artists,Album,Tarjeta de Navidad III,2006
Vite,Various Artists,Album,Tarjeta de Navidad III,2006
Tan pronto llegan Los Reyes,Various Artists,Album,Tarjeta de Navidad III,2006
El paquete,Various Artists,Album,Tarjeta de Navidad III,2006
Parranda del iracundo,Various Artists,Album,Tarjeta de Navidad III,2006
Yo tengo un swing,Various Artists,Album,Tarjeta de Navidad III,2006
Salsa,Aubade,Album,Sensualidad,2007
Continuando,Aubade,Album,Sensualidad,2007
Alma latina,Aubade,Album,Sensualidad,2007
Mueve la cintura,Aubade,Album,Sensualidad,2007
Mi veneración,Aubade,Album,Sensualidad,2007
Donde,Aubade,Album,Sensualidad,2007
Sin tu amor no hay amor,Aubade,Album,Sensualidad,2007
Un hombre casado,Aubade,Album,Sensualidad,2007
Amor de mi vida,Aubade,Album,Sensualidad,2007
Por un amor,Aubade,Album,Sensualidad,2007
Tirame con ganas,Aubade,Album,Sensualidad,2007
Tú no me calculas,Aubade,Album,Sensualidad,2007
Che de Susa,Aubade,Album,Sensualidad,2007
Una mujer de mi vida,Aubade,Album,Sensualidad,2007
Quiero besarte,Grupo Galé,Album,Auténtico,2007
Chela,Grupo Galé,Album,Auténtico,2007
"El amor de mi vida ""Se fue""",Grupo Galé,Album,Auténtico,2007
Sólo un besito,Grupo Galé,Album,Auténtico,2007
Te fallé,Grupo Galé,Album,Auténtico,2007
Ave María pués,Grupo Galé,Album,Auténtico,2007
Regresa pronto,Grupo Galé,Album,Auténtico,2007
El galán,Grupo Galé,Album,Auténtico,2007
Me basta,Grupo Galé,Album,Auténtico,2007
Lo nuestro se acabó,Grupo Galé,Album,Auténtico,2007
Experiencias de la vida,Grupo Galé,Album,Auténtico,2007
Soy latino,Grupo Galé,Album,Auténtico,2007
Quisiera,Grupo Galé,Album,Auténtico,2007
De qué vale,Grupo Galé,Album,Auténtico,2007
Mi mayor sacrificio,Tito Nieves,Album,En vivo,2007
Más que tu amigo,Tito Nieves,Album,En vivo,2007
Tuyo,Tito Nieves,Album,En vivo,2007
La salsa vive,Tito Nieves,Album,En vivo,2007
Fabricando fantasías,Tito Nieves,Album,En vivo,2007
De mí enamórate,Tito Nieves,Album,En vivo,2007
El amor más bonito,Tito Nieves,Album,En vivo,2007
Tu cárcel,Tito Nieves,Album,En vivo,2007
Sonámbulo,Tito Nieves,Album,En vivo,2007
I Like It Like That,Tito Nieves,Album,En vivo,2007
Intro,Son de Cali,Album,De Cali para el mundo... ¡en vivo!,2008
No quiero dormir,Son de Cali,Album,De Cali para el mundo... ¡en vivo!,2008
Qué nos pasó,Son de Cali,Album,De Cali para el mundo... ¡en vivo!,2008
Llorando,Son de Cali,Album,De Cali para el mundo... ¡en vivo!,2008
Por haberla dejado,Son de Cali,Album,De Cali para el mundo... ¡en vivo!,2008
Alguien como tú,Son de Cali,Album,De Cali para el mundo... ¡en vivo!,2008
Tan buena,Son de Cali,Album,De Cali para el mundo... ¡en vivo!,2008
Te amo,Son de Cali,Album,De Cali para el mundo... ¡en vivo!,2008
Lo que te sobre,Son de Cali,Album,De Cali para el mundo... ¡en vivo!,2008
Ya,Son de Cali,Album,De Cali para el mundo... ¡en vivo!,2008
Me emocionas,Son de Cali,Album,De Cali para el mundo... ¡en vivo!,2008
El amor es mucho más que eso,Son de Cali,Album,De Cali para el mundo... ¡en vivo!,2008
Ay ay ay,Son de Cali,Album,De Cali para el mundo... ¡en vivo!,2008
Analizando,Son de Cali,Album,De Cali para el mundo... ¡en vivo!,2008
Y entonces,Son de Cali,Album,De Cali para el mundo... ¡en vivo!,2008
Hechizo,Danny Daniel,Album,Hechizando,2008
Tu mirada,Danny Daniel,Album,Hechizando,2008
Vete ya,Danny Daniel,Album,Hechizando,2008
Perdóname,Danny Daniel,Album,Hechizando,2008
No me hagas sufrir,Danny Daniel,Album,Hechizando,2008
Locura de amor,Danny Daniel,Album,Hechizando,2008
Cheche colé,Danny Daniel,Album,Hechizando,2008
Mi Colombia,Danny Daniel,Album,Hechizando,2008
Como la flor (versión salsa),Danny Daniel,Album,Hechizando,2008
Pérdida grande,Danny Daniel,Album,Hechizando,2008
"Te amo, te quiero y te extraño",Danny Daniel,Album,Hechizando,2008
Secreto de amor,Danny Daniel,Album,Hechizando,2008
Cosas de Navidad,Danny Daniel,Album,Hechizando,2008
Fotografía,Danny Daniel,Album,Hechizando,2008
Dígale,David Pabón,Album,30 mejores,2008
Aquel viejo motel,David Pabón,Album,30 mejores,2008
Imagínate sin mí,David Pabón,Album,30 mejores,2008
Pobre de él,David Pabón,Album,30 mejores,2008
Y nos amamos,David Pabón,Album,30 mejores,2008
Desde hoy,David Pabón,Album,30 mejores,2008
Cara dura,David Pabón,Album,30 mejores,2008
Extraños,David Pabón,Album,30 mejores,2008
Vamos a tener que querernos más,David Pabón,Album,30 mejores,2008
Vete con él,David Pabón,Album,30 mejores,2008
Mi todo eres tú,David Pabón,Album,30 mejores,2008
Una miradita,David Pabón,Album,30 mejores,2008
Lluvia de amor,David Pabón,Album,30 mejores,2008
Podemos,David Pabón,Album,30 mejores,2008
La más fea,David Pabón,Album,30 mejores,2008
La bilirrubina,Marlon,Album,Homenaje a Juan Luis Guerra,2008
Bachata rosa,Marlon,Album,Homenaje a Juan Luis Guerra,2008
Si tú te vas,Marlon,Album,Homenaje a Juan Luis Guerra,2008
A pedir su mano,Marlon,Album,Homenaje a Juan Luis Guerra,2008
"Frío, frío",Marlon,Album,Homenaje a Juan Luis Guerra,2008
Visa para un sueño,Marlon,Album,Homenaje a Juan Luis Guerra,2008
Ojalá que llueva café,Marlon,Album,Homenaje a Juan Luis Guerra,2008
Estrellitas y duendes,Marlon,Album,Homenaje a Juan Luis Guerra,2008
Burbujas de amor,Marlon,Album,Homenaje a Juan Luis Guerra,2008
Woman del Callao,Marlon,Album,Homenaje a Juan Luis Guerra,2008
Abandonó mi nido,Orquesta Bronko,Album,Bronko,2008
Dueña de mi cuerpo,Orquesta Bronko,Album,Bronko,2008
Ella se fue,Orquesta Bronko,Album,Bronko,2008
Libre de ti,Orquesta Bronko,Album,Bronko,2008
Qué sabes tú de amor,Orquesta Bronko,Album,Bronko,2008
Tócame,Orquesta Bronko,Album,Bronko,2008
Veneno para dos,Orquesta Bronko,Album,Bronko,2008
Vibra conmigo,Orquesta Bronko,Album,Bronko,2008
Te dije que yo venía y vine,Ismael Miranda,Album,De regreso al son,2009
Mi canto,Ismael Miranda,Album,De regreso al son,2009
Escándalo,Ismael Miranda,Album,De regreso al son,2009
El son de Ismael,Ismael Miranda,Album,De regreso al son,2009
Tati una canción para ti,Ismael Miranda,Album,De regreso al son,2009
Desde que te fuiste,Ismael Miranda,Album,De regreso al son,2009
Detrás de la factoría,Ismael Miranda,Album,De regreso al son,2009
Rebeca,Ismael Miranda,Album,De regreso al son,2009
Vendaval sin rumbo,Ismael Miranda,Album,De regreso al son,2009
La clave,Ismael Miranda,Album,De regreso al son,2009
Si se arreglara el mundo,Ismael Miranda,Album,De regreso al son,2009
Quizás mañana,Grupo Galé,Album,Instinto,2009
Si ella supiera,Grupo Galé,Album,Instinto,2009
Sin ti no puedo,Grupo Galé,Album,Instinto,2009
Dime que no pasó,Grupo Galé,Album,Instinto,2009
Mi primer amor,Grupo Galé,Album,Instinto,2009
Qué quieres de mí,Grupo Galé,Album,Instinto,2009
"No puedo, no debo",Grupo Galé,Album,Instinto,2009
Me gustas,Grupo Galé,Album,Instinto,2009
Amor de verdad,Grupo Galé,Album,Instinto,2009
Se muere,Grupo Galé,Album,Instinto,2009
Recuerdo bonito,Grupo Galé,Album,Instinto,2009
Atrévete a soñar,Grupo Galé,Album,Instinto,2009
Me enamoré sin pensarlo,Grupo Galé,Album,Instinto,2009
Gracias a ti,Grupo Galé,Album,Instinto,2009
Mírame,Víctor Manuelle,Album,Yo mismo,2009
Me corta el alma,Víctor Manuelle,Album,Yo mismo,2009
Olvido no,Víctor Manuelle,Album,Yo mismo,2009
El que te llama,Víctor Manuelle,Album,Yo mismo,2009
Me duele,Víctor Manuelle,Album,Yo mismo,2009
Cómo te lo digo,Víctor Manuelle,Album,Yo mismo,2009
Dónde irás,Víctor Manuelle,Album,Yo mismo,2009
El amor no es así,Víctor Manuelle,Album,Yo mismo,2009
Lo que me hiciste,Víctor Manuelle,Album,Yo mismo,2009
Dónde irás (versión balada),Víctor Manuelle,Album,Yo mismo,2009
El amor no es así (versión balada),Víctor Manuelle,Album,Yo mismo,2009
Como te he querido yo,Víctor Manuelle,Album,Yo mismo,2009
Agradecimientos,Víctor Manuelle,Album,Yo mismo,2009
Ya no queda nada (versión Ángeles),Ángeles,Album,Venimos del cielo,2010
Qué voy a hacer sin ti,Ángeles,Album,Venimos del cielo,2010
Dime qué te pasó,Ángeles,Album,Venimos del cielo,2010
Amor amor,Ángeles,Album,Venimos del cielo,2010
Duele más,Ángeles,Album,Venimos del cielo,2010
Guerra de amor,Ángeles,Album,Venimos del cielo,2010
No Woman No Cry,Ángeles,Album,Venimos del cielo,2010
El chico del momento,Ángeles,Album,Venimos del cielo,2010
Ya no queda nada (pop balada),Ángeles,Album,Venimos del cielo,2010
Qué voy a hacer sin ti (pop balada),Ángeles,Album,Venimos del cielo,2010
Ya no queda nada (salsa),Ángeles,Album,Venimos del cielo,2010
Moreno,Ángeles,Album,Venimos del cielo,2010
El negro vuelve a la Habana,Issac Delgado,Album,Supercubano,2011
Perdona,Issac Delgado,Album,Supercubano,2011
"Salsa, timba y amor",Issac Delgado,Album,Supercubano,2011
Somos Cuba (Mira como vengo),Issac Delgado,Album,Supercubano,2011
Que no se te olvide (salsa extended mix),Issac Delgado,Album,Supercubano,2011
Mienteme,Issac Delgado,Album,Supercubano,2011
Pal bailador,Issac Delgado,Album,Supercubano,2011
Mala cabeza,Issac Delgado,Album,Supercubano,2011
Que no se te olvide (Santo Domingo bachata version),Issac Delgado,Album,Supercubano,2011
Somos Cuba (Mira como vengo),Issac Delgado,Album,Supercubano,2011
20 años: Mi vecina / Ya no te puedo amar / Beso a beso / Como duele llorar / El amor de mi vida (Se fue) / Dime que no pasó / Me basta / Fantasía / Ven a Medellín,Grupo Galé,Album,Deluxe,2011
Los dos fallamos,Grupo Galé,Album,Deluxe,2011
Cómo no amarte así,Grupo Galé,Album,Deluxe,2011
Renuncio a tu olvido,Grupo Galé,Album,Deluxe,2011
No me dejes así,Grupo Galé,Album,Deluxe,2011
Como quisiera,Grupo Galé,Album,Deluxe,2011
Tributo al Joe: Rebelión / En Barranquilla me quedo / Pa’l bailador,Grupo Galé,Album,Deluxe,2011
¿Dónde se quedó?,Grupo Galé,Album,Deluxe,2011
Te necesito,Grupo Galé,Album,Deluxe,2011
No evites estar conmigo,Grupo Galé,Album,Deluxe,2011
Vuelve,Grupo Galé,Album,Deluxe,2011
Como duele saber,Grupo Galé,Album,Deluxe,2011
¿Por qué?,Grupo Galé,Album,Deluxe,2011
Promesas,Grupo Galé,Album,Deluxe,2011
Aniversario,Grupo Galé,Album,Deluxe,2011
Ganas,Yan Collazo,Album,Homenaje a mi ídolo Tito Gómez,2013
Miserable,Yan Collazo,Album,Homenaje a mi ídolo Tito Gómez,2013
Fue tan fácil,Yan Collazo,Album,Homenaje a mi ídolo Tito Gómez,2013
Prende el fogón,Yan Collazo,Album,Homenaje a mi ídolo Tito Gómez,2013
Déjala,Yan Collazo,Album,Homenaje a mi ídolo Tito Gómez,2013
Las mujeres están de moda,Yan Collazo,Album,Homenaje a mi ídolo Tito Gómez,2013
Nuestro secreto,Yan Collazo,Album,Homenaje a mi ídolo Tito Gómez,2013
Atrevida,Yan Collazo,Album,Homenaje a mi ídolo Tito Gómez,2013
Quisiera,Yan Collazo,Album,Homenaje a mi ídolo Tito Gómez,2013
Página de amor,Yan Collazo,Album,Homenaje a mi ídolo Tito Gómez,2013
Bar y copas,Yan Collazo,Album,Homenaje a mi ídolo Tito Gómez,2013
Un caso social,Yan Collazo,Album,Homenaje a mi ídolo Tito Gómez,2013
Dímelo tú,Luisito Ayala,Album,Somos el poder,2014
Yo sin ti,Luisito Ayala,Album,Somos el poder,2014
No hay un Dios igual,Luisito Ayala,Album,Somos el poder,2014
Cómo no quererte,Luisito Ayala,Album,Somos el poder,2014
Puras mentiras,Luisito Ayala,Album,Somos el poder,2014
Ya no volveré,Luisito Ayala,Album,Somos el poder,2014
Mi error,Luisito Ayala,Album,Somos el poder,2014
Echa pa'cá,Luisito Ayala,Album,Somos el poder,2014
Yo no debí enamorarme,Luisito Ayala,Album,Somos el poder,2014
Homenaje a Braulio,Luisito Ayala,Album,Somos el poder,2014
Te saco del olvido,Grupo Caneo,Album,Original,2016
De punta a punta,Grupo Caneo,Album,Original,2016
Mujeres divinas,Grupo Caneo,Album,Original,2016
Entre la tierra y el cielo,Grupo Caneo,Album,Original,2016
Quién piensa en ti,Grupo Caneo,Album,Original,2016
Con el corazón en la mano,Grupo Caneo,Album,Original,2016
Negrita,Grupo Caneo,Album,Original,2016
Para amarnos más,Grupo Caneo,Album,Original,2016
Qué haré sin ti,Grupo Caneo,Album,Original,2016
Intenta vivir sin mí,Grupo Caneo,Album,Original,2016
Aquí estás otra vez,Grupo Caneo,Album,Original,2016
La infiel,Grupo Caneo,Album,Original,2016
Dime,Grupo Caneo,Album,Original,2016
Miéntete,Grupo Caneo,Album,Original,2016
La vendedora de rosas,Grupo Caneo,Album,Original,2016
Dónde estarás,Grupo Caneo,Album,Original,2016
Parecen viernes,Marc Anthony,Album,OPUS,2019
Tu vida en la mía,Marc Anthony,Album,OPUS,2019
Un amor eterno,Marc Anthony,Album,OPUS,2019
Si me creyeras,Marc Anthony,Album,OPUS,2019
Soy yo,Marc Anthony,Album,OPUS,2019
Lo que te di,Marc Anthony,Album,OPUS,2019
Úsame,Marc Anthony,Album,OPUS,2019
Si pudiera,Marc Anthony,Album,OPUS,2019
Lo peor de mí,Marc Anthony,Album,OPUS,2019
Reconozco,Marc Anthony,Album,OPUS,2019
Behind Marc Anthony's OPUS,Marc Anthony,Album,OPUS,2019
Intro,Tony Succar,Album,Live in Peru,2021
Billie Jean,Tony Succar,Album,Live in Peru,2021
I Want You Back,Tony Succar,Album,Live in Peru,2021
Human Nature,Tony Succar,Album,Live in Peru,2021
Me enamoro más de ti,Tony Succar,Album,Live in Peru,2021
Percussion Solo,Tony Succar,Album,Live in Peru,2021
Sigue así,Tony Succar,Album,Live in Peru,2021
Jamás volverá,Tony Succar,Album,Live in Peru,2021
Earth Song,Tony Succar,Album,Live in Peru,2021
Será que no me amas,Tony Succar,Album,Live in Peru,2021
Tenemos que repetirlo,Tony Succar,Album,Live in Peru,2021
Mis ojos lloran por ti,Tony Succar,Album,Live in Peru,2021
A puro dolor,Tony Succar,Album,Live in Peru,2021
Más de mí,Tony Succar,Album,Live in Peru,2021
Sentimiento original,Tony Succar,Album,Live in Peru,2021
Ritmo de mi corazón,Tony Succar,Album,Live in Peru,2021
Uptown Funk,Tony Succar,Album,Live in Peru,2021
Smooth Criminal,Tony Succar,Album,Live in Peru,2021
Man in the Mirror,Tony Succar,Album,Live in Peru,2021
Secreto de amor,Ramsés Araya y Timbaleo,Album,Éxitos de Joan Sebastian en salsa,2022
Estos celos,Ramsés Araya y Timbaleo,Album,Éxitos de Joan Sebastian en salsa,2022
Un idiota,Ramsés Araya y Timbaleo,Album,Éxitos de Joan Sebastian en salsa,2022
Me gustas,Ramsés Araya y Timbaleo,Album,Éxitos de Joan Sebastian en salsa,2022
Amorcito mío,Ramsés Araya y Timbaleo,Album,Éxitos de Joan Sebastian en salsa,2022
Tatuajes,Ramsés Araya y Timbaleo,Album,Éxitos de Joan Sebastian en salsa,2022
Mascarada / 25 rosas / Un lobo domesticado,Ramsés Araya y Timbaleo,Album,Éxitos de Joan Sebastian en salsa,2022
El pirata,Ramsés Araya y Timbaleo,Album,Éxitos de Joan Sebastian en salsa,2022
Te irá mejor sin mí,Ramsés Araya y Timbaleo,Album,Éxitos de Joan Sebastian en salsa,2022
Eso y más / Más allá del sol / Hasta que amanezca,Ramsés Araya y Timbaleo,Album,Éxitos de Joan Sebastian en salsa,2022
Amor limosnero,Ramsés Araya y Timbaleo,Album,Éxitos de Joan Sebastian en salsa,2022
Sentimental,Ramsés Araya y Timbaleo,Album,Éxitos de Joan Sebastian en salsa,2022
Ritmo en la Calle,MadHaTT3r,Album,Baila Sin Parar,2025
Tu Sonrisa Me Llama,MadHaTT3r,Album,Baila Sin Parar,2025
Baila Con Fuego,MadHaTT3r,Album,Baila Sin Parar,2025
Sabrosura Natural,MadHaTT3r,Album,Baila Sin Parar,2025
Sabor de Medianoche,MadHaTT3r,Album,Baila Sin Parar,2025
Ella Tiene El Swing,MadHaTT3r,Album,Baila Sin Parar,2025
Baila Que Baila,MadHaTT3r,Album,Baila Sin Parar,2025
Corazon de Melao,MadHaTT3r,Album,Baila Sin Parar,2025
Rueda de Amor,MadHaTT3r,Album,Baila Sin Parar,2025
Tu y el Tambor,MadHaTT3r,Album,Baila Sin Parar,2025
Guaracha de Verano,MadHaTT3r,Album,Baila Sin Parar,2025
Calle 16,MadHaTT3r,Album,Baila Sin Parar,2025
Maracas y Besos,MadHaTT3r,Album,Baila Sin Parar,2025
Candela en Tus Pies,MadHaTT3r,Album,Baila Sin Parar,2025
Brilla Como Sol,MadHaTT3r,Album,Baila Sin Parar,2025
Hielo en la Pista,MadHaTT3r,Album,Baila Sin Parar,2025
Juguetes al Rescate,MadHaTT3r,Album,Baila Sin Parar,2025
Sombrerero Loco Baila Otra Vez,MadHaTT3r,Album,Sombrerero Loco Baila Otra Vez,2025
El Sombrerero Loco en Tarima,MadHaTT3r,Album,Sombrerero Loco Baila Otra Vez,2025
Salsa Que No Miente,MadHaTT3r,Album,Sombrerero Loco Baila Otra Vez,2025
Soy del Barrio,MadHaTT3r,Album,Sombrerero Loco Baila Otra Vez,2025
Gente de Tambor,MadHaTT3r,Album,Sombrerero Loco Baila Otra Vez,2025
El Tipo del Bongo,MadHaTT3r,Album,Sombrerero Loco Baila Otra Vez,2025
La Clave del Alma,MadHaTT3r,Album,Sombrerero Loco Baila Otra Vez,2025
Esquina 47,MadHaTT3r,Album,Sombrerero Loco Baila Otra Vez,2025
Cuidado con la Abuela (Que se adueña del piso de baile),MadHaTT3r,Album,Sombrerero Loco Baila Otra Vez,2025
El Swing de la Vecina,MadHaTT3r,Album,Sombrerero Loco Baila Otra Vez,2025
Viene Toda la Familia — Que Empiece el Desorden,MadHaTT3r,Album,Sombrerero Loco Baila Otra Vez,2025
El Sombrero Más Grande — Ocupa Toda la Pista,MadHaTT3r,Album,Sombrerero Loco Baila Otra Vez,2025
Esto No Iba a Ser un Ensayo,MadHaTT3r,Album,Sombrerero Loco Baila Otra Vez,2025
El Bembé No Para,MadHaTT3r,Album,Sombrerero Loco Baila Otra Vez,2025
Guaguancó en Llamas,MadHaTT3r,Album,Sombrerero Loco Baila Otra Vez,2025
Midnight Descarga,MadHaTT3r,Album,Sombrerero Loco Baila Otra Vez,2025
¡La Salsa Nunca Se Acaba!,MadHaTT3r,Album,Sombrerero Loco Baila Otra Vez,2025
