cancion_id,instrumento,tamano_segmento,grado_polinomio,f_nota,f_volumen,f_dura
0,-1,8,2,33.149563,46.896622,0.063245
0,-1,8,3,13.747087,19.622217,0.029960
0,-1,8,4,9.734724,13.561113,0.073420
0,-1,8,5,11.277909,15.870833,1.289761
0,-1,8,6,476.873077,673.245422,73.968575
0,-1,8,7,4977.164551,7026.718750,772.203064
0,-1,16,2,39.099258,56.186192,0.123078
0,-1,16,3,36.341026,52.362419,0.066252
0,-1,16,4,35.259190,50.344307,0.062162
0,-1,16,5,24.938164,35.965775,1.849143
0,-1,16,6,149.197800,210.653809,23.030071
0,-1,16,7,2416.710449,3411.297852,375.043915
0,-1,32,2,45.101238,62.556797,0.288134
0,-1,32,3,41.886921,60.690674,0.138863
0,-1,32,4,38.102108,54.343021,0.106440
0,-1,32,5,39.738338,56.902802,2.128858
0,-1,32,6,171.573456,242.238358,26.037374
0,-1,32,7,45704.914062,64638.136719,8142.294434
0,-1,64,2,47.241085,70.425865,0.647258
0,-1,64,3,46.379692,66.418198,0.309562
0,-1,64,4,44.752113,63.986031,0.184340
0,-1,64,5,46.059422,67.369110,2.614969
0,-1,64,6,237.935562,335.972839,36.447887
0,-1,64,7,71980.851562,102367.992188,11324.270508
0,-1,128,2,77.934921,114.704422,6.621741
0,-1,128,3,49.390171,75.349266,1.737868
0,-1,128,4,48.794044,73.562943,1.631275
0,-1,128,5,47.652451,71.488365,1.730395
0,-1,128,6,117.364716,167.657623,16.773182
0,-1,128,7,859.501953,1216.253540,133.499481
0,-1,256,2,111.145081,161.146774,11.308869
0,-1,256,3,85.060059,126.916779,7.238425
0,-1,256,4,52.788792,84.504089,2.538089
0,-1,256,5,53.462940,83.381058,3.383940
0,-1,256,6,214.133392,303.986603,32.447178
0,-1,256,7,1667.954834,2356.059814,259.362335
0,-1,512,2,271.798950,381.797974,37.434914
0,-1,512,3,152.890457,219.852310,16.120953
0,-1,512,4,110.561600,163.287552,10.598386
0,-1,512,5,94.841805,139.943344,8.961452
0,-1,512,6,369.967041,524.016296,56.789047
0,-1,512,7,158.185028,226.869370,22.976427
0,-1,1024,2,541.222778,762.646118,86.405922
0,-1,1024,3,340.200104,478.246368,43.571346
0,-1,1024,4,233.250641,331.010254,24.122320
0,-1,1024,5,199.269104,283.211517,21.633682
0,-1,1024,6,184.668854,263.864563,21.114363
0,-1,1024,7,218.937302,311.575256,28.314625
0,-1,2048,2,661.283936,930.235229,108.450012
0,-1,2048,3,558.170105,785.738464,81.483902
0,-1,2048,4,513.704468,722.799438,66.725609
0,-1,2048,5,373.169281,527.389160,42.128563
0,-1,2048,6,382.825928,541.496277,48.572617
0,-1,2048,7,-nan,-nan,-nan
0,0,8,2,23.160858,41.555134,0.384881
0,0,8,3,10.805500,18.663183,0.180585
0,0,8,4,6.263181,10.928937,1.802316
0,0,8,5,32.637760,58.250759,32.764019
0,0,8,6,1852.803833,3307.187744,1879.125366
0,0,8,7,19342.101562,34525.003906,19617.386719
0,0,16,2,31.092932,56.152065,1.114098
0,0,16,3,27.346113,46.700260,0.465295
0,0,16,4,23.765156,39.218044,1.234177
0,0,16,5,49.435242,87.168427,46.973122
0,0,16,6,576.918274,1029.831543,585.069702
0,0,16,7,9396.028320,16772.925781,9527.761719
0,0,32,2,44.789005,77.743820,1.723799
0,0,32,3,36.909904,64.483200,1.097428
0,0,32,4,35.443768,62.339283,1.352379
0,0,32,5,61.545090,107.965683,54.059795
0,0,32,6,652.650574,1165.042114,661.468140
0,0,32,7,201690.593750,359477.781250,207049.125000
0,0,64,2,60.925190,103.122787,8.956087
0,0,64,3,46.451077,84.570869,2.855242
0,0,64,4,43.696903,79.271873,2.627509
0,0,64,5,76.830193,138.236649,66.343330
0,0,64,6,913.503601,1630.756470,925.983887
0,0,64,7,285264.437500,509875.843750,287760.093750
0,0,128,2,83.308228,136.293579,30.994383
0,0,128,3,67.844513,114.400032,12.500276
0,0,128,4,63.794304,109.994644,9.939996
0,0,128,5,61.649326,112.049591,38.328300
0,0,128,6,422.370789,754.370789,425.678223
0,0,128,7,3344.670898,5969.562988,3391.678711
0,0,256,2,108.252342,177.247147,66.841751
0,0,256,3,90.924416,149.138550,38.437996
0,0,256,4,81.997902,134.860214,22.204607
0,0,256,5,101.232391,174.113617,70.187340
0,0,256,6,814.785339,1453.863525,823.403687
0,0,256,7,6498.689941,11600.124023,6591.916992
0,0,512,2,176.625305,287.750183,159.514847
0,0,512,3,123.735695,200.983383,88.901855
0,0,512,4,102.058899,165.725159,56.460564
0,0,512,5,120.247841,203.190475,87.742981
0,0,512,6,1420.466064,2531.540283,1436.736816
0,0,512,7,569.581360,1014.827148,572.097290
0,0,1024,2,257.063629,412.174469,325.861786
0,0,1024,3,168.200378,269.879059,178.490402
0,0,1024,4,137.167831,220.323654,119.753815
0,0,1024,5,130.327530,213.243622,105.848557
0,0,1024,6,346.512329,612.682068,341.729736
0,0,1024,7,590.337646,1049.714722,593.062256
0,0,2048,2,383.662903,671.033264,898.731628
0,0,2048,3,271.088989,440.142609,398.787781
0,0,2048,4,215.155426,350.097778,317.265564
0,0,2048,5,163.706039,260.628815,179.568390
0,0,2048,6,976.211548,1735.303223,994.095276
0,0,2048,7,-nan,-nan,-nan
0,1,8,2,22.648073,28.224340,0.048287
0,1,8,3,9.704481,12.144815,0.027346
0,1,8,4,6.040775,7.771036,0.056899
0,1,8,5,7.437960,11.520277,0.988310
0,1,8,6,348.088226,581.917358,56.680424
0,1,8,7,3633.163574,6074.083496,591.719849
0,1,16,2,60.168373,76.416794,0.099633
0,1,16,3,32.304695,40.001877,0.055238
0,1,16,4,27.981209,34.722710,0.054307
0,1,16,5,16.822252,23.049412,1.417090
0,1,16,6,108.729179,181.379608,17.646990
0,1,16,7,1756.775269,2940.041016,287.388794
0,1,32,2,74.270958,94.216621,0.174394
0,1,32,3,65.721634,82.388214,0.117296
0,1,32,4,59.148457,74.114128,0.090010
0,1,32,5,43.478058,55.368858,1.631742
0,1,32,6,128.188660,209.982986,19.951086
0,1,32,7,29866.054688,52327.949219,6249.746094
0,1,64,2,108.163475,139.338669,0.447864
0,1,64,3,84.125717,110.066841,0.222368
0,1,64,4,76.866600,100.617676,0.168764
0,1,64,5,69.833069,88.793579,2.004616
0,1,64,6,184.317291,298.979431,27.929577
0,1,64,7,50277.875000,85382.148438,8682.637695
0,1,128,2,153.126892,187.095154,4.533691
0,1,128,3,125.686188,157.073669,1.247410
0,1,128,4,115.176468,142.566956,1.186218
0,1,128,5,102.427124,130.633514,1.310314
0,1,128,6,123.899925,179.903671,12.848607
0,1,128,7,631.616089,1054.483643,102.265984
0,1,256,2,194.735977,239.233994,8.052992
0,1,256,3,163.776291,194.264206,4.620734
0,1,256,4,146.701721,176.193680,2.208612
0,1,256,5,134.717651,168.273026,2.608044
0,1,256,6,199.501404,300.637207,24.857422
0,1,256,7,1226.557251,2045.646606,198.713226
0,1,512,2,360.416992,444.174835,31.786303
0,1,512,3,231.996078,276.166534,11.253845
0,1,512,4,189.168762,229.889557,7.095397
0,1,512,5,170.749924,203.133133,6.154725
0,1,512,6,309.768372,482.078827,43.457119
0,1,512,7,185.150162,255.865005,17.620811
0,1,1024,2,607.178711,763.000916,77.949669
0,1,1024,3,433.336517,528.451721,35.212612
0,1,1024,4,317.229675,371.310547,15.508251
0,1,1024,5,276.026184,325.414703,15.408837
0,1,1024,6,243.135757,304.185577,14.815358
0,1,1024,7,255.155075,338.168121,20.880602
0,1,2048,2,803.647827,966.747437,105.407578
0,1,2048,3,589.158386,790.168274,75.011620
0,1,2048,4,542.518494,723.615479,49.188148
0,1,2048,5,416.825226,541.789001,25.864197
0,1,2048,6,391.176636,505.485870,33.872448
0,1,2048,7,-nan,-nan,-nan
0,33,8,2,6.097789,19.183783,0.061958
0,33,8,3,3.069731,9.753777,0.033297
0,33,8,4,1.835357,5.858114,0.054631
0,33,8,5,4.077357,18.751387,0.929371
0,33,8,6,223.267014,1052.837891,53.297131
0,33,8,7,2330.723389,10990.883789,556.403687
0,33,16,2,30.363390,97.315132,0.165027
0,33,16,3,10.225492,32.405273,0.075620
0,33,16,4,8.328939,26.411390,0.067085
0,33,16,5,7.435888,30.602442,1.332732
0,33,16,6,69.625214,328.038696,16.594501
0,33,16,7,1132.769775,5340.782715,270.229095
0,33,32,2,48.678658,157.352341,0.679519
0,33,32,3,38.979824,127.293030,0.282947
0,33,32,4,29.740795,98.030922,0.244619
0,33,32,5,18.875139,64.817169,1.539618
0,33,32,6,80.418877,374.885620,18.759361
0,33,32,7,26201.791016,120674.242188,5870.291992
0,33,64,2,59.135246,180.994629,1.213430
0,33,64,3,53.735352,165.620865,0.626916
0,33,64,4,48.534851,156.377380,0.377976
0,33,64,5,46.818375,152.762146,1.907049
0,33,64,6,117.133804,535.007507,26.255196
0,33,64,7,35308.257812,165235.109375,8155.596191
0,33,128,2,77.196030,240.033142,4.620914
0,33,128,3,62.148228,196.599533,1.777095
0,33,128,4,57.406017,176.440292,1.268600
0,33,128,5,56.117771,173.409241,1.353485
0,33,128,6,74.384872,290.190002,12.074504
0,33,128,7,408.581055,1913.154297,96.047440
0,33,256,2,106.499535,352.486237,8.215206
0,33,256,3,83.627449,297.717316,5.071318
0,33,256,4,71.041679,240.650726,2.945970
0,33,256,5,67.340752,233.517120,3.162752
0,33,256,6,116.297668,503.528595,23.374208
0,33,256,7,789.411194,3703.659424,186.682404
0,33,512,2,213.830063,683.153992,31.281107
0,33,512,3,156.023315,443.519684,11.334998
0,33,512,4,114.369759,348.494934,7.405800
0,33,512,5,103.502892,314.449829,6.519282
0,33,512,6,195.445389,847.024658,40.944721
0,33,512,7,111.544640,425.981781,16.788465
0,33,1024,2,382.841309,1167.196655,76.319908
0,33,1024,3,248.566299,763.553101,34.264816
0,33,1024,4,194.685532,593.089111,15.179503
0,33,1024,5,184.346359,524.123108,15.126802
0,33,1024,6,152.209091,487.331970,14.402060
0,33,1024,7,157.406769,555.391724,19.999096
0,33,2048,2,572.291016,1774.735107,101.558128
0,33,2048,3,371.390045,1146.201416,74.461838
0,33,2048,4,327.909668,1017.124451,47.415512
0,33,2048,5,246.093491,769.641418,24.994341
0,33,2048,6,241.202408,842.793457,32.199387
0,33,2048,7,-nan,-nan,-nan
0,56,8,2,10.483125,17.138330,1.427286
0,56,8,3,4.370767,7.150254,0.570909
0,56,8,4,3.111398,5.112777,4.981713
0,56,8,5,24.685472,41.149651,90.490211
0,56,8,6,1411.252441,2352.827881,5189.878418
0,56,8,7,14732.956055,24562.529297,54180.398438
0,56,16,2,24.159639,39.138851,4.183557
0,56,16,3,14.530885,23.682961,1.695085
0,56,16,4,11.096179,18.172594,3.458590
0,56,16,5,35.965698,59.909977,129.729813
0,56,16,6,439.405304,732.570801,1615.860718
0,56,16,7,7155.147949,11928.917969,26314.261719
0,56,32,2,41.020844,66.454147,9.703723
0,56,32,3,28.761446,46.765381,4.528050
0,56,32,4,20.666452,33.631752,4.055989
0,56,32,5,44.164341,73.372154,149.310547
0,56,32,6,496.981110,828.545837,1826.761597
0,56,32,7,154772.796875,258053.031250,571832.375000
0,56,64,2,76.681709,124.533173,40.624485
0,56,64,3,47.815838,76.921799,13.615960
0,56,64,4,38.231812,61.287331,10.211383
0,56,64,5,58.624287,96.930511,183.284546
0,56,64,6,695.733459,1159.908691,2557.314941
0,56,64,7,215775.234375,359742.406250,794712.500000
0,56,128,2,179.870071,291.721344,112.854301
0,56,128,3,91.613281,149.496384,46.335011
0,56,128,4,74.337059,121.291351,27.494169
0,56,128,5,65.764069,106.791527,106.429245
0,56,128,6,323.779510,539.160095,1175.523560
0,56,128,7,2548.378418,4248.288086,9366.865234
0,56,256,2,259.212189,423.145447,299.585052
0,56,256,3,183.578720,299.455719,128.069565
0,56,256,4,149.548141,240.662369,69.573257
0,56,256,5,126.485023,206.935410,196.573822
0,56,256,6,626.910522,1044.356323,2274.158691
0,56,256,7,4955.201172,8261.224609,18206.408203
0,56,512,2,758.099792,1243.838989,996.551270
0,56,512,3,341.200256,560.306946,374.567749
0,56,512,4,243.012070,396.954376,217.718948
0,56,512,5,215.926422,353.996307,262.867615
0,56,512,6,1097.495972,1828.930542,3971.793213
0,56,512,7,461.077850,766.801331,1580.810181
0,56,1024,2,1177.165283,1908.860107,2034.051636
0,56,1024,3,763.954773,1264.075684,1028.482178
0,56,1024,4,498.828522,811.826416,498.714355
0,56,1024,5,350.201569,569.461914,392.899994
0,56,1024,6,394.542023,648.415344,959.938538
0,56,1024,7,526.078125,871.093445,1641.396118
0,56,2048,2,3985.124756,6620.310059,6503.587402
0,56,2048,3,1773.301270,2915.570801,2602.389648
0,56,2048,4,1228.220581,2059.296143,1644.469238
0,56,2048,5,846.684875,1387.335205,1226.893066
0,56,2048,6,975.057068,1610.549316,2768.833740
0,56,2048,7,-nan,-nan,-nan
0,57,8,2,11.844124,25.841810,1.170847
0,57,8,3,4.285267,9.373713,0.510795
0,57,8,4,3.098007,6.740645,3.465552
0,57,8,5,9.082868,19.069155,62.947845
0,57,8,6,506.482635,1060.745972,3610.172607
0,57,8,7,5287.369629,11073.576172,37688.898438
0,57,16,2,28.694746,62.979553,4.264163
0,57,16,3,16.451605,35.980152,1.549917
0,57,16,4,11.518363,25.202549,2.516353
0,57,16,5,14.474658,30.577532,90.246735
0,57,16,6,157.755066,330.408936,1124.012085
0,57,16,7,2567.657227,5377.368164,18304.746094
0,57,32,2,42.544960,92.579514,9.703219
0,57,32,3,34.058552,75.088753,4.565613
0,57,32,4,24.969149,54.939037,3.181834
0,57,32,5,25.061289,54.231030,103.873306
0,57,32,6,178.895966,374.829407,1270.775513
0,57,32,7,55544.992188,116254.531250,397759.781250
0,57,64,2,74.432220,161.363815,25.485798
0,57,64,3,50.129082,108.083321,10.995973
0,57,64,4,41.267776,90.164330,7.016006
0,57,64,5,41.498386,90.385155,127.520088
0,57,64,6,251.631927,527.333435,1778.962280
0,57,64,7,77240.851562,161793.796875,552814.187500
0,57,128,2,166.890076,364.106293,111.840378
0,57,128,3,87.857254,191.201675,36.723808
0,57,128,4,67.634430,146.783676,26.473421
0,57,128,5,58.832207,126.851059,74.949409
0,57,128,6,125.407135,264.197601,817.734314
0,57,128,7,914.161255,1914.696533,6515.101562
0,57,256,2,262.662994,559.754028,258.663849
0,57,256,3,185.298828,405.034302,120.297836
0,57,256,4,148.343796,321.096802,56.752739
0,57,256,5,112.647125,245.277191,139.195770
0,57,256,6,241.632401,508.964844,1582.241089
0,57,256,7,1779.511841,3727.739990,12666.485352
0,57,512,2,439.001312,950.984985,868.353210
0,57,512,3,285.857727,616.747681,326.480469
0,57,512,4,234.509933,503.964600,179.840210
0,57,512,5,192.526535,420.049133,208.632843
0,57,512,6,422.277069,891.426819,2762.996826
0,57,512,7,221.923340,475.062592,1098.741211
0,57,1024,2,736.090027,1576.267944,1596.989868
0,57,1024,3,516.311951,1120.095703,843.458496
0,57,1024,4,364.953003,796.013428,433.019196
0,57,1024,5,339.372803,738.366455,301.666260
0,57,1024,6,293.395538,635.431580,675.155762
0,57,1024,7,313.790833,675.828796,1145.268066
0,57,2048,2,2008.238281,4409.462891,6027.083008
0,57,2048,3,993.565125,2116.806396,2159.378174
0,57,2048,4,769.808716,1653.861572,1381.293091
0,57,2048,5,587.923340,1278.174561,1062.402222
0,57,2048,6,554.453308,1187.781128,1954.717041
0,57,2048,7,-nan,-nan,-nan
0,108,8,2,10.595535,18.140476,0.694930
0,108,8,3,6.095969,10.436923,0.703827
0,108,8,4,3.397401,5.817292,16.016277
0,108,8,5,10.101621,17.327454,291.688995
0,108,8,6,564.832214,968.941772,16729.595703
0,108,8,7,5896.500977,10115.210938,174650.468750
0,108,16,2,13.464428,23.052565,0.801124
0,108,16,3,10.321722,17.671709,0.697780
0,108,16,4,7.184100,12.299870,10.748669
0,108,16,5,14.894263,25.546356,418.183136
0,108,16,6,175.972870,301.867096,5208.616211
0,108,16,7,2866.139648,4916.739746,84823.851562
0,108,32,2,15.021139,25.718054,0.857565
0,108,32,3,13.200731,22.601032,0.870161
0,108,32,4,11.024811,18.875553,10.657393
0,108,32,5,18.479013,31.686426,481.281372
0,108,32,6,199.328201,341.948761,5888.886719
0,108,32,7,60919.777344,104508.679688,1843322.875000
0,108,64,2,34.520115,59.090122,4.099720
0,108,64,3,34.407928,58.897770,1.626693
0,108,64,4,28.133747,48.160477,13.002577
0,108,64,5,33.917542,58.103275,590.496887
0,108,64,6,279.067566,478.734833,8243.548828
0,108,64,7,87044.187500,149319.453125,2561740.500000
0,108,128,2,41.713184,71.434982,93.687424
0,108,128,3,40.593895,69.515259,23.805222
0,108,128,4,36.920353,63.213360,28.825537
0,108,128,5,38.374847,65.704971,338.608978
0,108,128,6,132.756088,227.717026,3790.157959
0,108,128,7,1020.101562,1749.910156,30194.708984
0,108,256,2,47.428482,81.278900,178.516678
0,108,256,3,42.852066,73.372002,94.763756
0,108,256,4,41.512337,71.092995,41.274841
0,108,256,5,45.817913,78.501366,609.397400
0,108,256,6,250.441132,429.653351,7329.841797
0,108,256,7,1981.089355,3398.541504,58689.714844
0,108,512,2,61.282482,105.031937,684.631287
0,108,512,3,49.884319,85.461510,241.761826
0,108,512,4,45.513363,77.966431,147.592270
0,108,512,5,49.202133,84.279350,655.314575
0,108,512,6,433.380585,743.330322,12797.497070
0,108,512,7,176.925751,303.309692,5083.351562
0,108,1024,2,99.924774,170.897629,1722.700195
0,108,1024,3,62.080971,106.133873,755.383911
0,108,1024,4,54.074932,92.158768,326.070801
0,108,1024,5,51.478279,87.984001,401.847443
0,108,1024,6,110.587105,189.622055,2963.190430
0,108,1024,7,182.750443,313.544159,5238.417480
0,108,2048,2,248.026230,425.563995,5331.802246
0,108,2048,3,114.323761,195.242371,2098.522217
0,108,2048,4,68.803345,117.805229,1043.430908
0,108,2048,5,66.056633,112.896942,1040.389404
0,108,2048,6,296.527344,508.536194,8694.024414
0,108,2048,7,-nan,-nan,-nan
1,-1,8,2,31.326700,40.260445,0.034077
1,-1,8,3,18.017456,22.929884,0.017369
1,-1,8,4,8.677308,11.131567,0.019398
1,-1,8,5,8.636037,8.354887,0.292570
1,-1,8,6,364.209869,209.737183,16.776295
1,-1,8,7,3801.863281,2188.579590,175.137314
1,-1,16,2,38.295166,50.390923,0.082005
1,-1,16,3,36.076351,46.494041,0.039031
1,-1,16,4,33.731312,43.043259,0.028945
1,-1,16,5,27.964048,33.985718,0.419730
1,-1,16,6,114.616714,68.684608,5.223338
1,-1,16,7,1846.587158,1063.355957,85.061333
1,-1,32,2,44.272430,59.364471,0.178401
1,-1,32,3,40.782913,54.206108,0.097198
1,-1,32,4,38.640377,50.995415,0.062524
1,-1,32,5,38.484863,48.794151,0.484514
1,-1,32,6,133.108704,87.154350,5.903366
1,-1,32,7,40723.003906,24790.613281,1848.172119
1,-1,64,2,52.060368,70.783073,0.484215
1,-1,64,3,46.617519,62.551212,0.227317
1,-1,64,4,44.188335,59.220184,0.171425
1,-1,64,5,44.077057,56.696690,0.603143
1,-1,64,6,183.986618,116.703087,8.264453
1,-1,64,7,55869.394531,32360.675781,2568.853271
1,-1,128,2,69.577812,93.860085,2.396311
1,-1,128,3,56.564545,77.952377,0.778935
1,-1,128,4,51.174286,69.459679,0.656596
1,-1,128,5,49.087135,65.750397,0.511040
1,-1,128,6,94.866241,79.172386,3.814603
1,-1,128,7,658.982239,384.292816,30.268198
1,-1,256,2,109.186798,138.803055,4.570622
1,-1,256,3,82.359695,108.192947,2.716482
1,-1,256,4,67.270554,94.179626,1.303174
1,-1,256,5,63.799744,86.706657,1.262413
1,-1,256,6,169.190109,119.914345,7.404190
1,-1,256,7,1279.098511,738.206970,58.907017
1,-1,512,2,240.850143,296.126221,18.025785
1,-1,512,3,126.852501,151.311813,5.988655
1,-1,512,4,99.879753,125.249084,3.970200
1,-1,512,5,84.887688,112.249725,3.162771
1,-1,512,6,287.909271,190.255646,13.050582
1,-1,512,7,131.510544,120.206467,5.422562
1,-1,1024,2,460.682129,532.684143,27.898188
1,-1,1024,3,259.455353,318.649323,17.574923
1,-1,1024,4,156.665237,191.404099,8.813704
1,-1,1024,5,127.413193,156.296555,4.515261
1,-1,1024,6,130.405243,143.230316,5.209466
1,-1,1024,7,159.813263,151.180359,6.626656
1,-1,2048,2,809.044556,840.574097,35.222015
1,-1,2048,3,643.143311,696.226318,28.406103
1,-1,2048,4,383.807587,433.744232,20.480093
1,-1,2048,5,321.041443,362.031921,14.024431
1,-1,2048,6,287.303955,273.318329,11.849222
1,-1,2048,7,-nan,-nan,-nan
1,0,8,2,23.449568,28.504654,0.187058
1,0,8,3,12.551429,15.070250,0.064067
1,0,8,4,7.902540,9.480285,0.316284
1,0,8,5,37.635254,47.476479,5.685531
1,0,8,6,2137.341309,2698.743408,326.080322
1,0,8,7,22312.857422,28173.669922,3404.146484
1,0,16,2,47.328766,58.004971,0.401794
1,0,16,3,30.479496,36.943024,0.202358
1,0,16,4,21.248194,25.541203,0.231199
1,0,16,5,55.691044,70.046371,8.151220
1,0,16,6,665.579102,840.395569,101.524597
1,0,16,7,10837.571289,13684.123047,1653.315796
1,0,32,2,74.286842,94.086395,1.254757
1,0,32,3,56.494305,70.281509,0.518204
1,0,32,4,47.150414,57.553936,0.373034
1,0,32,5,72.304901,90.371216,9.381036
1,0,32,6,752.712097,950.325195,114.741875
1,0,32,7,235800.703125,297574.406250,35914.960938
1,0,64,2,118.377533,152.913651,2.012001
1,0,64,3,86.394684,109.342178,1.266729
1,0,64,4,69.144463,86.616364,0.777212
1,0,64,5,96.716805,121.349022,11.513951
1,0,64,6,1054.291870,1331.112793,160.629898
1,0,64,7,327164.062500,412980.875000,49915.457031
1,0,128,2,189.106598,243.077423,10.235027
1,0,128,3,139.008041,180.817978,3.334821
1,0,128,4,120.164879,156.348068,2.505386
1,0,128,5,108.455887,139.732178,6.815596
1,0,128,6,491.455719,620.813416,73.841225
1,0,128,7,3859.387939,4872.793457,588.333130
1,0,256,2,277.603241,354.973724,16.142580
1,0,256,3,210.200607,274.635101,10.043267
1,0,256,4,183.457520,235.938538,5.221558
1,0,256,5,173.908722,226.204514,12.218446
1,0,256,6,946.553955,1195.932373,142.810822
1,0,256,7,7496.062012,9464.534180,1143.266479
1,0,512,2,609.971069,742.896362,79.530197
1,0,512,3,332.094849,420.661499,25.572733
1,0,512,4,287.717133,368.290192,17.907654
1,0,512,5,257.087769,334.108368,18.164007
1,0,512,6,1638.248047,2069.590576,247.788071
1,0,512,7,682.981140,865.002563,98.970665
1,0,1024,2,966.142273,1154.296021,123.488770
1,0,1024,3,675.718689,799.727295,78.630730
1,0,1024,4,436.733643,559.300903,39.398544
1,0,1024,5,351.789185,457.671173,22.234558
1,0,1024,6,500.062958,638.776001,61.354099
1,0,1024,7,741.756042,941.637573,104.197266
1,0,2048,2,2058.143066,2614.244629,658.331970
1,0,2048,3,1112.534790,1412.376343,206.340576
1,0,2048,4,944.017090,1114.136719,146.732529
1,0,2048,5,819.380432,964.485168,107.472252
1,0,2048,6,1270.768677,1580.573975,181.475021
1,0,2048,7,-nan,-nan,-nan
1,25,8,2,0.667544,1.513895,2.882876
1,25,8,3,0.316037,0.716727,1.445436
1,25,8,4,0.144233,0.327099,14.769132
1,25,8,5,0.250912,0.568856,268.663544
1,25,8,6,11.852039,26.866657,15408.817383
1,25,8,7,123.727226,280.469147,160861.734375
1,25,16,2,0.891533,2.021869,3.850371
1,25,16,3,0.648424,1.470533,2.804477
1,25,16,4,0.404664,0.917719,10.047315
1,25,16,5,0.371224,0.841652,385.165253
1,25,16,6,3.693913,8.373666,4797.635742
1,25,16,7,60.106403,136.251892,78127.242188
1,25,32,2,4.583751,10.395289,23.565586
1,25,32,3,1.467056,3.327074,7.186560
1,25,32,4,1.172230,2.658449,11.338918
1,25,32,5,0.858467,1.946742,443.157074
1,25,32,6,4.211468,9.546856,5422.196777
1,25,32,7,1331.180908,3017.637939,1697265.375000
1,25,64,2,7.256855,16.457502,37.462662
1,25,64,3,4.486248,10.174163,23.077307
1,25,64,4,2.193811,4.975248,16.275486
1,25,64,5,1.397323,3.168803,543.738220
1,25,64,6,5.982576,13.562673,7590.323242
1,25,64,7,1831.598511,4151.986328,2358776.500000
1,25,128,2,8.754754,19.854528,45.236515
1,25,128,3,7.053178,15.995598,36.406776
1,25,128,4,5.125465,11.623816,30.623659
1,25,128,5,3.330484,7.553075,311.892578
1,25,128,6,3.366089,7.631069,3488.768311
1,25,128,7,21.457792,48.641258,27802.310547
1,25,256,2,21.242769,48.175556,216.574814
1,25,256,3,21.127796,47.914806,105.222313
1,25,256,4,14.883195,33.752956,76.774216
1,25,256,5,14.727245,33.399265,564.552002
1,25,256,6,12.658390,28.705132,6749.249023
1,25,256,7,43.019131,97.514374,54042.585938
1,25,512,2,36.076828,81.816902,509.014252
1,25,512,3,24.015642,54.464005,236.594742
1,25,512,4,23.894575,54.189457,130.652451
1,25,512,5,20.320435,46.083832,603.364502
1,25,512,6,20.344286,46.131248,11715.252930
1,25,512,7,17.380892,39.416821,4656.684082
1,25,1024,2,50.212601,113.874748,692.817749
1,25,1024,3,36.008801,81.662689,497.838043
1,25,1024,4,26.621504,60.373707,304.560242
1,25,1024,5,24.801146,56.245430,275.511139
1,25,1024,6,24.684040,55.979900,2708.296875
1,25,1024,7,24.723206,56.067814,4797.046875
1,25,2048,2,67.958801,154.121613,4672.546875
1,25,2048,3,65.145386,147.740219,1401.170288
1,25,2048,4,51.281166,116.298439,1099.271484
1,25,2048,5,47.751328,108.293129,797.979736
1,25,2048,6,43.244099,98.077454,7976.867188
1,25,2048,7,-nan,-nan,-nan
1,32,8,2,13.581087,30.763468,0.211352
1,32,8,3,6.150093,13.909286,0.082675
1,32,8,4,3.739787,8.471801,0.314471
1,32,8,5,9.004399,18.896168,5.630745
1,32,8,6,494.159912,1029.043457,322.943481
1,32,8,7,5158.823730,10742.657227,3371.398438
1,32,16,2,29.590513,67.577866,0.382127
1,32,16,3,18.294153,41.477867,0.223328
1,32,16,4,11.361071,25.606371,0.241826
1,32,16,5,14.470222,30.844072,8.072634
1,32,16,6,153.945267,320.609741,100.548172
1,32,16,7,2505.310791,5217.127930,1637.423340
1,32,32,2,49.122311,112.420700,1.023692
1,32,32,3,37.835205,86.499672,0.459013
1,32,32,4,28.469427,64.936218,0.393538
1,32,32,5,26.102129,57.820030,9.290141
1,32,32,6,174.716217,364.160278,113.639809
1,32,32,7,54549.039062,113667.742188,35573.042969
1,32,64,2,68.759132,155.619751,2.219498
1,32,64,3,55.412518,126.635201,1.185229
1,32,64,4,48.004765,110.131058,0.668718
1,32,64,5,45.794235,103.302452,11.405550
1,32,64,6,246.213379,513.865295,159.087692
1,32,64,7,75720.703125,157442.187500,49437.082031
1,32,128,2,99.196060,214.888031,11.021461
1,32,128,3,76.683723,171.125946,3.518244
1,32,128,4,70.554047,159.907028,3.150320
1,32,128,5,63.686382,144.899414,6.781745
1,32,128,6,124.759918,265.083679,73.140701
1,32,128,7,892.819153,1860.465210,582.700256
1,32,256,2,166.425613,348.663483,30.963299
1,32,256,3,113.829636,242.082642,12.679485
1,32,256,4,93.145042,201.450653,7.767543
1,32,256,5,81.512428,183.221252,12.739664
1,32,256,6,228.897675,481.990112,141.465271
1,32,256,7,1731.305054,3608.142334,1132.118896
1,32,512,2,323.062775,706.284668,92.809982
1,32,512,3,182.080902,388.851288,36.760891
1,32,512,4,142.288696,292.657532,19.849390
1,32,512,5,122.102180,255.385803,20.525333
1,32,512,6,387.695038,808.737610,245.190948
1,32,512,7,182.892242,380.967987,98.284119
1,32,1024,2,595.165527,1351.736938,178.483551
1,32,1024,3,338.845306,732.884949,95.986458
1,32,1024,4,247.407379,524.758972,51.576221
1,32,1024,5,186.160660,399.121216,33.416527
1,32,1024,6,181.901764,382.843567,62.382717
1,32,1024,7,220.941879,463.069427,104.070732
1,32,2048,2,1757.069458,3981.116943,709.356750
1,32,2048,3,970.052002,2250.227295,309.304108
1,32,2048,4,648.056274,1460.232910,199.771820
1,32,2048,5,519.485168,1169.401978,155.426819
1,32,2048,6,463.844299,1001.236877,195.853775
1,32,2048,7,-nan,-nan,-nan
1,57,8,2,11.345514,22.747492,1.311686
1,57,8,3,6.317093,12.757837,0.605740
1,57,8,4,3.683325,7.401716,4.678114
1,57,8,5,26.688622,54.197956,84.983803
1,57,8,6,1525.085938,3097.338623,4874.084961
1,57,8,7,15921.351562,32334.962891,50883.550781
1,57,16,2,21.875341,43.842354,3.995372
1,57,16,3,14.181177,28.463717,1.593438
1,57,16,4,11.033318,22.188904,3.290901
1,57,16,5,39.031086,79.241722,121.836418
1,57,16,6,474.857605,964.403076,1517.538940
1,57,16,7,7732.500000,15704.037109,24713.083984
1,57,32,2,43.138054,86.191574,9.267608
1,57,32,3,27.398905,54.915203,4.317312
1,57,32,4,19.900812,39.985107,3.875495
1,57,32,5,46.888317,95.037567,140.183502
1,57,32,6,536.786865,1090.181030,1715.098145
1,57,32,7,167886.406250,340946.062500,536847.562500
1,57,64,2,91.251045,181.561935,29.275120
1,57,64,3,52.871452,105.657036,11.299410
1,57,64,4,39.106445,77.569923,8.257072
1,57,64,5,62.297779,125.972588,172.048279
1,57,64,6,751.799072,1526.817505,2400.966797
1,57,64,7,233589.937500,474355.312500,746112.000000
1,57,128,2,153.647247,303.260559,68.981941
1,57,128,3,106.473755,212.703217,31.782101
1,57,128,4,70.728371,141.335648,18.737381
1,57,128,5,66.074104,132.946991,99.173920
1,57,128,6,348.740143,707.968567,1103.793579
1,57,128,7,2752.907959,5591.043945,8795.079102
1,57,256,2,368.899963,728.760071,282.761475
1,57,256,3,208.053345,406.531372,108.237236
1,57,256,4,156.214340,309.593018,70.778885
1,57,256,5,133.841736,267.255981,182.595978
1,57,256,6,675.281372,1371.058472,2135.075195
1,57,256,7,5354.175781,10873.904297,17092.970703
1,57,512,2,716.200562,1436.658325,614.293457
1,57,512,3,430.737732,846.731018,303.931274
1,57,512,4,332.892822,653.322754,175.120117
1,57,512,5,264.770416,517.668884,222.836838
1,57,512,6,1189.390015,2413.729980,3709.947266
1,57,512,7,514.093933,1037.104980,1475.722534
1,57,1024,2,1232.500000,2520.601318,1367.221313
1,57,1024,3,794.451294,1622.081299,717.765015
1,57,1024,4,578.561279,1160.796265,414.121277
1,57,1024,5,464.794678,919.079956,330.047363
1,57,1024,6,484.176849,964.378296,889.828857
1,57,1024,7,616.532349,1237.343384,1536.514282
1,57,2048,2,2171.136475,4466.180176,3572.332764
1,57,2048,3,1507.786499,3112.260010,1615.163086
1,57,2048,4,1157.576416,2434.831787,1282.452393
1,57,2048,5,853.075745,1773.507812,722.303589
1,57,2048,6,1064.969360,2184.864502,2593.291016
1,57,2048,7,-nan,-nan,-nan
2,-1,8,2,23.887564,45.738064,0.027518
2,-1,8,3,15.621669,30.135349,0.016816
2,-1,8,4,7.331051,14.034766,0.008918
2,-1,8,5,6.940197,14.250918,0.037173
2,-1,8,6,214.337067,508.645386,2.097386
2,-1,8,7,2236.799316,5308.153320,21.895184
2,-1,16,2,30.977783,59.407009,0.051024
2,-1,16,3,30.281519,57.927589,0.035917
2,-1,16,4,27.452806,52.519650,0.030456
2,-1,16,5,23.638222,45.998699,0.057652
2,-1,16,6,67.967079,160.105621,0.652949
2,-1,16,7,1085.949707,2577.039062,10.632789
2,-1,32,2,35.255878,67.971886,0.065213
2,-1,32,3,33.078655,63.626831,0.051760
2,-1,32,4,31.510012,60.445042,0.040935
2,-1,32,5,31.578426,61.160015,0.069915
2,-1,32,6,81.056145,187.754196,0.738703
2,-1,32,7,22019.103516,52042.253906,227.737427
2,-1,64,2,43.411011,84.647202,0.086342
2,-1,64,3,38.809883,75.986938,0.068322
2,-1,64,4,36.563419,71.116364,0.058290
2,-1,64,5,36.606331,71.888435,0.090247
2,-1,64,6,110.958519,259.244965,1.034636
2,-1,64,7,32762.333984,77572.937500,320.760803
2,-1,128,2,48.940552,95.032043,0.865710
2,-1,128,3,44.541653,86.796181,0.232926
2,-1,128,4,42.459644,82.809303,0.228399
2,-1,128,5,40.292915,78.952118,0.134683
2,-1,128,6,61.965004,137.448105,0.490835
2,-1,128,7,387.106445,918.221130,3.785930
2,-1,256,2,57.935650,112.150711,1.543282
2,-1,256,3,50.364815,97.678024,0.863125
2,-1,256,4,47.452637,92.195892,0.373148
2,-1,256,5,46.512215,91.058540,0.292901
2,-1,256,6,103.133041,237.620605,0.953077
2,-1,256,7,748.499329,1777.220337,7.344313
2,-1,512,2,79.079369,151.612885,1.929220
2,-1,512,3,60.022373,116.013550,1.493737
2,-1,512,4,53.283691,103.261040,1.021800
2,-1,512,5,51.069481,99.645325,0.613402
2,-1,512,6,169.585785,397.863434,1.624461
2,-1,512,7,80.743286,179.804916,0.760136
2,-1,1024,2,141.389252,273.423615,2.131624
2,-1,1024,3,87.862526,167.503387,1.897315
2,-1,1024,4,68.063477,131.320190,1.586828
2,-1,1024,5,60.131203,116.410309,1.256981
2,-1,1024,6,66.757454,138.990372,1.042719
2,-1,1024,7,85.761299,188.997482,1.224115
2,-1,2048,2,369.662170,737.585083,2.246158
2,-1,2048,3,165.384659,323.927368,2.116779
2,-1,2048,4,124.997078,242.147034,1.947561
2,-1,2048,5,93.477600,179.998367,1.744895
2,-1,2048,6,135.828598,298.875275,1.850147
2,-1,2048,7,-nan,-nan,-nan
2,2,8,2,19.368490,34.452408,0.054342
2,2,8,3,11.318358,20.314726,0.030282
2,2,8,4,8.079782,14.552919,0.021247
2,2,8,5,10.377093,12.663668,0.127985
2,2,8,6,470.213593,302.199219,7.290443
2,2,8,7,4908.826172,3153.872803,76.109192
2,2,16,2,39.362984,70.909760,0.152495
2,2,16,3,25.141392,44.960110,0.068857
2,2,16,4,16.952616,31.114880,0.047722
2,2,16,5,17.425028,24.452944,0.185872
2,2,16,6,146.762909,95.850258,2.270004
2,2,16,7,2384.530029,1531.016357,36.964401
2,2,32,2,68.811981,126.993561,0.354939
2,2,32,3,46.998638,82.555161,0.186590
2,2,32,4,34.518826,60.933678,0.101819
2,2,32,5,32.700684,53.063015,0.224661
2,2,32,6,166.840912,112.898087,2.565822
2,2,32,7,52731.187500,35295.859375,803.601135
2,2,64,2,118.873070,214.646835,0.574445
2,2,64,3,86.173370,157.894470,0.388175
2,2,64,4,68.867134,124.221573,0.247449
2,2,64,5,58.157356,99.443138,0.330900
2,2,64,6,238.276154,176.303360,3.593201
2,2,64,7,69844.187500,44596.980469,1115.271973
2,2,128,2,203.330368,372.123901,1.863608
2,2,128,3,137.731110,253.216980,0.863956
2,2,128,4,123.704666,228.696991,0.741375
2,2,128,5,103.504692,190.020233,0.540816
2,2,128,6,137.966843,172.573502,1.690597
2,2,128,7,853.633362,566.568909,13.118676
2,2,256,2,294.797150,533.645935,3.622938
2,2,256,3,232.245987,412.160797,1.941153
2,2,256,4,181.249878,329.650269,1.251290
2,2,256,5,156.530014,286.332764,1.004066
2,2,256,6,248.752991,292.680969,3.290609
2,2,256,7,1646.062622,1082.778564,25.402800
2,2,512,2,432.713348,775.170776,5.500577
2,2,512,3,336.294037,599.967529,4.178593
2,2,512,4,277.001373,485.498352,2.128383
2,2,512,5,235.980438,417.734131,1.881942
2,2,512,6,408.756165,447.327118,5.661083
2,2,512,7,250.044632,383.079437,2.672261
2,2,1024,2,706.175476,1221.894165,10.513252
2,2,1024,3,515.887756,913.680054,8.127598
2,2,1024,4,456.856689,814.284363,6.762677
2,2,1024,5,366.373688,630.135315,5.727039
2,2,1024,6,329.701813,555.794495,4.333292
2,2,1024,7,340.165955,539.085144,4.766783
2,2,2048,2,1032.303101,1859.162964,18.115946
2,2,2048,3,771.003662,1354.495850,11.310914
2,2,2048,4,636.712708,1129.450439,10.166668
2,2,2048,5,587.950378,1032.605103,8.521598
2,2,2048,6,587.818359,958.145935,8.655648
2,2,2048,7,-nan,-nan,-nan
2,33,8,2,8.198464,29.675892,0.118263
2,33,8,3,4.978658,18.347454,0.072841
2,33,8,4,2.999267,10.855773,0.044385
2,33,8,5,4.953711,14.687383,0.095530
2,33,8,6,258.296997,723.275879,5.196863
2,33,8,7,2696.426270,7550.434082,54.251759
2,33,16,2,20.420288,72.122192,0.216514
2,33,16,3,10.245773,37.051033,0.132845
2,33,16,4,7.520207,27.402811,0.100174
2,33,16,5,8.509207,27.030104,0.149118
2,33,16,6,80.542557,225.684158,1.619178
2,33,16,7,1310.157715,3668.401367,26.358553
2,33,32,2,35.524796,129.018875,0.804887
2,33,32,3,27.322327,98.875359,0.353043
2,33,32,4,19.619013,72.887444,0.294629
2,33,32,5,16.782423,58.883179,0.254709
2,33,32,6,91.722626,258.712646,1.837308
2,33,32,7,29430.966797,83028.585938,590.620300
2,33,64,2,50.691505,180.036911,1.140547
2,33,64,3,40.656399,138.198700,0.961857
2,33,64,4,34.091633,120.994370,0.433272
2,33,64,5,32.842789,114.847992,0.410417
2,33,64,6,129.968887,368.698303,2.579815
2,33,64,7,39821.457031,111848.000000,799.395691
2,33,128,2,81.171188,266.287689,2.153157
2,33,128,3,58.680458,207.902191,1.549875
2,33,128,4,52.267826,183.432159,1.322284
2,33,128,5,46.043419,160.683228,1.213534
2,33,128,6,70.940033,217.086395,1.333309
2,33,128,7,467.414642,1311.274170,9.375132
2,33,256,2,125.350700,382.577759,3.052860
2,33,256,3,91.827972,288.732697,2.456656
2,33,256,4,69.716881,240.726761,2.022567
2,33,256,5,64.785561,217.044418,1.662956
2,33,256,6,127.131516,373.511810,2.748076
2,33,256,7,903.165710,2538.887939,18.239859
2,33,512,2,181.442993,544.636414,4.048783
2,33,512,3,147.955551,438.617828,3.535028
2,33,512,4,120.800430,347.726196,2.815117
2,33,512,5,105.482521,313.566498,2.363369
2,33,512,6,213.757904,621.370911,4.599315
2,33,512,7,117.074280,350.872284,2.709876
2,33,1024,2,281.098389,790.081116,6.570277
2,33,1024,3,203.041901,576.177063,4.461211
2,33,1024,4,179.435242,501.405518,4.196228
2,33,1024,5,146.976028,426.462372,3.584327
2,33,1024,6,136.786636,395.966156,3.343111
2,33,1024,7,149.594910,428.560547,3.600779
2,33,2048,2,482.629608,1531.149292,13.276365
2,33,2048,3,360.790802,1075.877563,6.877717
2,33,2048,4,266.852234,826.737366,5.869256
2,33,2048,5,250.660675,764.696655,4.895085
2,33,2048,6,251.863312,748.597534,5.400083
2,33,2048,7,-nan,-nan,-nan
2,57,8,2,14.795073,28.632446,0.737457
2,57,8,3,7.016479,13.503401,0.305913
2,57,8,4,4.623555,8.938436,0.777903
2,57,8,5,13.181707,25.950037,13.768333
2,57,8,6,735.088074,1448.990845,789.606873
2,57,8,7,7673.905273,15126.807617,8243.179688
2,57,16,2,31.935806,59.878986,1.766362
2,57,16,3,20.135101,38.859047,0.818627
2,57,16,4,13.351170,25.766182,0.678535
2,57,16,5,20.788799,40.697727,19.740150
2,57,16,6,229.010284,451.397705,245.845032
2,57,16,7,3727.639893,7347.785645,4003.602295
2,57,32,2,56.358891,107.092224,3.787809
2,57,32,3,38.983250,73.149849,1.880647
2,57,32,4,28.240574,54.007153,1.169368
2,57,32,5,31.685205,61.415939,22.730713
2,57,32,6,259.294586,511.064880,277.954803
2,57,32,7,81644.390625,161152.203125,87002.695312
2,57,64,2,126.636292,242.241409,15.266412
2,57,64,3,73.128334,138.766830,5.273753
2,57,64,4,51.084179,96.305664,3.610433
2,57,64,5,49.960934,94.798286,27.988167
2,57,64,6,364.108490,717.401672,389.123779
2,57,64,7,112939.601562,222589.953125,120920.273438
2,57,128,2,245.036011,471.315125,38.167156
2,57,128,3,157.515182,301.944672,16.756624
2,57,128,4,119.914207,229.579208,9.436233
2,57,128,5,92.802231,177.259720,17.222153
2,57,128,6,182.145264,357.323608,178.696136
2,57,128,7,1324.623901,2611.746094,1423.219604
2,57,256,2,440.930725,831.603455,77.261780
2,57,256,3,311.435577,593.633911,43.202919
2,57,256,4,232.608856,442.531555,22.859426
2,57,256,5,182.325531,348.960724,32.461483
2,57,256,6,356.613007,699.435303,344.889374
2,57,256,7,2568.998779,5062.461426,2759.437012
2,57,512,2,847.523682,1609.616333,277.436707
2,57,512,3,520.499634,987.704529,103.775711
2,57,512,4,442.254913,835.104309,72.729431
2,57,512,5,352.498444,667.838867,59.685993
2,57,512,6,632.185120,1231.795288,599.660400
2,57,512,7,368.605225,707.432129,240.243759
2,57,1024,2,1209.285522,2337.552490,446.930237
2,57,1024,3,924.335388,1769.741455,280.592834
2,57,1024,4,747.944275,1443.593384,151.384735
2,57,1024,5,644.925293,1232.223389,94.199348
2,57,1024,6,598.305786,1139.489380,161.907852
2,57,1024,7,624.514832,1191.512817,258.020630
2,57,2048,2,3460.310059,6547.455078,1873.255981
2,57,2048,3,1623.444580,3069.918701,744.540710
2,57,2048,4,1351.088379,2589.548096,560.128967
2,57,2048,5,1000.847961,1939.713379,322.417816
2,57,2048,6,977.129028,1912.999756,476.143890
2,57,2048,7,-nan,-nan,-nan
2,65,8,2,14.789014,28.576429,0.737457
2,65,8,3,7.011743,13.474259,0.305942
2,65,8,4,4.617243,8.914463,0.777740
2,65,8,5,13.178504,25.869198,13.768188
2,65,8,6,734.886719,1444.317139,789.617432
2,65,8,7,7671.809082,15077.957031,8243.244141
2,65,16,2,31.978329,59.883068,1.766362
2,65,16,3,20.135252,38.808826,0.818609
2,65,16,4,13.340724,25.715084,0.678109
2,65,16,5,20.782528,40.577679,19.740908
2,65,16,6,228.951920,449.954437,245.858414
2,65,16,7,3726.628174,7324.101562,4003.653809
2,65,32,2,56.518383,107.155792,3.787799
2,65,32,3,39.094933,73.213280,1.880640
2,65,32,4,28.247530,53.930946,1.169364
2,65,32,5,31.687643,61.285938,22.730717
2,65,32,6,259.223267,509.418640,277.957031
2,65,32,7,81617.781250,160670.281250,87004.039062
2,65,64,2,127.082436,242.623993,15.266401
2,65,64,3,73.266136,138.797455,5.273754
2,65,64,4,51.139908,96.309929,3.610790
2,65,64,5,49.949253,94.597153,27.989765
2,65,64,6,364.018402,715.122070,389.124573
2,65,64,7,112911.054688,221872.515625,120920.828125
2,65,128,2,245.021576,471.720154,38.167137
2,65,128,3,157.704147,302.266846,16.756603
2,65,128,4,120.233078,230.067215,9.436236
2,65,128,5,93.124123,177.537933,17.217318
2,65,128,6,182.230774,356.476074,178.669846
2,65,128,7,1324.237427,2603.469482,1423.264404
2,65,256,2,441.216736,831.956116,77.261559
2,65,256,3,311.431458,593.985535,43.202908
2,65,256,4,233.058899,442.802887,22.859325
2,65,256,5,182.753220,349.266449,32.457058
2,65,256,6,356.873230,697.855957,344.929382
2,65,256,7,2568.746338,5046.060059,2759.281250
2,65,512,2,853.395874,1609.748779,277.438538
2,65,512,3,520.319519,987.944153,103.774529
2,65,512,4,442.412659,835.412537,72.728668
2,65,512,5,351.198334,668.185303,59.673061
2,65,512,6,632.283813,1228.890747,599.635620
2,65,512,7,368.845184,706.697876,240.240814
2,65,1024,2,1221.618652,2343.445068,446.935059
2,65,1024,3,933.639709,1771.152710,280.597198
2,65,1024,4,750.145386,1444.078857,151.383163
2,65,1024,5,646.329102,1232.228271,94.196594
2,65,1024,6,599.694946,1139.100586,161.877762
2,65,1024,7,625.765198,1190.923584,258.071503
2,65,2048,2,3485.241211,6546.859863,1873.267334
2,65,2048,3,1636.920166,3073.671631,744.547485
2,65,2048,4,1359.665405,2591.159424,560.135559
2,65,2048,5,1009.040039,1941.943115,322.413727
2,65,2048,6,979.430786,1913.789673,476.020233
2,65,2048,7,-nan,-nan,-nan
2,81,8,2,14.792559,28.632446,0.737449
2,81,8,3,7.019780,13.503405,0.305916
2,81,8,4,4.622408,8.938550,0.778013
2,81,8,5,13.119169,25.947083,13.768416
2,81,8,6,731.373535,1448.808350,789.628418
2,81,8,7,7635.173828,15124.939453,8243.390625
2,81,16,2,31.906485,59.852047,1.766334
2,81,16,3,20.141554,38.856258,0.818596
2,81,16,4,13.360102,25.767469,0.678077
2,81,16,5,20.709051,40.690815,19.741087
2,81,16,6,227.869247,451.362396,245.856155
2,81,16,7,3708.822510,7346.886230,4003.712402
2,81,32,2,56.357353,107.109840,3.787797
2,81,32,3,38.951973,73.100143,1.880579
2,81,32,4,28.246307,54.000698,1.168970
2,81,32,5,31.620668,61.414600,22.731436
2,81,32,6,257.991974,511.008270,277.958862
2,81,32,7,81243.859375,161129.156250,87006.156250
2,81,64,2,126.402138,242.317871,15.266448
2,81,64,3,73.096214,138.774826,5.273739
2,81,64,4,51.025074,96.257988,3.610418
2,81,64,5,49.865303,94.763931,27.989307
2,81,64,6,362.289520,717.342224,389.135437
2,81,64,7,112370.531250,222559.875000,120921.265625
2,81,128,2,244.243469,471.386017,38.166954
2,81,128,3,156.727722,302.055878,16.756655
2,81,128,4,119.293877,229.684967,9.436399
2,81,128,5,92.817802,177.354889,17.216885
2,81,128,6,181.348633,357.318451,178.689240
2,81,128,7,1317.737305,2611.517334,1423.257080
2,81,256,2,438.400299,831.662537,77.261993
2,81,256,3,310.085938,593.646790,43.202747
2,81,256,4,231.632278,442.559387,22.859386
2,81,256,5,182.000458,349.073029,32.465748
2,81,256,6,355.136810,699.486084,344.851288
2,81,256,7,2556.227051,5061.871582,2759.323730
2,81,512,2,849.384644,1608.891479,277.437469
2,81,512,3,519.880493,988.011963,103.775154
2,81,512,4,441.646942,835.328430,72.728867
2,81,512,5,348.849731,667.895874,59.675018
2,81,512,6,629.125244,1231.998779,599.385193
2,81,512,7,366.372742,707.391663,240.106384
2,81,1024,2,1210.743530,2336.194824,446.940338
2,81,1024,3,922.816833,1768.292480,280.602264
2,81,1024,4,749.541687,1443.647827,151.379425
2,81,1024,5,646.854614,1232.357666,94.195656
2,81,1024,6,599.848938,1139.610474,161.900421
2,81,1024,7,625.474548,1191.789795,258.055969
2,81,2048,2,3460.559082,6543.239258,1873.288452
2,81,2048,3,1622.209351,3067.969727,744.556396
2,81,2048,4,1345.439087,2588.057617,560.141418
2,81,2048,5,996.767700,1938.642822,322.425934
2,81,2048,6,972.556396,1913.151123,475.903473
2,81,2048,7,-nan,-nan,-nan
